Simulator,Token,Layer,Event,Start_Time_s,End_Time_s,Bandwidth_GBps
Baseline_Simplex,1,Layer_1,Weight_Read,0.0,0.03562656118518519,27.0
Baseline_Simplex,1,Layer_1,KV_Write_Stall,0.03562656118518519,0.03563677522222222,0.0
Baseline_Simplex,1,Layer_2,Weight_Read,0.03563677522222222,0.07126333640740741,27.0
Baseline_Simplex,1,Layer_2,KV_Write_Stall,0.07126333640740741,0.07127355044444444,0.0
Baseline_Simplex,1,Layer_3,Weight_Read,0.07127355044444444,0.10690011162962963,27.0
Baseline_Simplex,1,Layer_3,KV_Write_Stall,0.10690011162962963,0.10691032566666667,0.0
Baseline_Simplex,1,Layer_4,Weight_Read,0.10691032566666667,0.14253688685185184,27.0
Baseline_Simplex,1,Layer_4,KV_Write_Stall,0.14253688685185184,0.1425471008888889,0.0
Baseline_Simplex,1,Layer_5,Weight_Read,0.1425471008888889,0.1781736620740741,27.0
Baseline_Simplex,1,Layer_5,KV_Write_Stall,0.1781736620740741,0.17818387611111114,0.0
Baseline_Simplex,1,Layer_6,Weight_Read,0.17818387611111114,0.21381043729629634,27.0
Baseline_Simplex,1,Layer_6,KV_Write_Stall,0.21381043729629634,0.2138206513333334,0.0
Baseline_Simplex,1,Layer_7,Weight_Read,0.2138206513333334,0.2494472125185186,27.0
Baseline_Simplex,1,Layer_7,KV_Write_Stall,0.2494472125185186,0.24945742655555564,0.0
Baseline_Simplex,1,Layer_8,Weight_Read,0.24945742655555564,0.28508398774074084,27.0
Baseline_Simplex,1,Layer_8,KV_Write_Stall,0.28508398774074084,0.2850942017777779,0.0
Baseline_Simplex,1,Layer_9,Weight_Read,0.2850942017777779,0.3207207629629631,27.0
Baseline_Simplex,1,Layer_9,KV_Write_Stall,0.3207207629629631,0.32073097700000014,0.0
Baseline_Simplex,1,Layer_10,Weight_Read,0.32073097700000014,0.35635753818518534,27.0
Baseline_Simplex,1,Layer_10,KV_Write_Stall,0.35635753818518534,0.3563677522222224,0.0
Baseline_Simplex,1,Layer_11,Weight_Read,0.3563677522222224,0.3919943134074076,27.0
Baseline_Simplex,1,Layer_11,KV_Write_Stall,0.3919943134074076,0.39200452744444464,0.0
Baseline_Simplex,1,Layer_12,Weight_Read,0.39200452744444464,0.42763108862962984,27.0
Baseline_Simplex,1,Layer_12,KV_Write_Stall,0.42763108862962984,0.4276413026666669,0.0
Baseline_Simplex,1,Layer_13,Weight_Read,0.4276413026666669,0.4632678638518521,27.0
Baseline_Simplex,1,Layer_13,KV_Write_Stall,0.4632678638518521,0.46327807788888914,0.0
Baseline_Simplex,1,Layer_14,Weight_Read,0.46327807788888914,0.49890463907407434,27.0
Baseline_Simplex,1,Layer_14,KV_Write_Stall,0.49890463907407434,0.4989148531111114,0.0
Baseline_Simplex,1,Layer_15,Weight_Read,0.4989148531111114,0.5345414142962965,27.0
Baseline_Simplex,1,Layer_15,KV_Write_Stall,0.5345414142962965,0.5345516283333336,0.0
Baseline_Simplex,1,Layer_16,Weight_Read,0.5345516283333336,0.5701781895185187,27.0
Baseline_Simplex,1,Layer_16,KV_Write_Stall,0.5701781895185187,0.5701884035555558,0.0
Baseline_Simplex,1,Layer_17,Weight_Read,0.5701884035555558,0.6058149647407409,27.0
Baseline_Simplex,1,Layer_17,KV_Write_Stall,0.6058149647407409,0.605825178777778,0.0
Baseline_Simplex,1,Layer_18,Weight_Read,0.605825178777778,0.6414517399629631,27.0
Baseline_Simplex,1,Layer_18,KV_Write_Stall,0.6414517399629631,0.6414619540000002,0.0
Baseline_Simplex,1,Layer_19,Weight_Read,0.6414619540000002,0.6770885151851853,27.0
Baseline_Simplex,1,Layer_19,KV_Write_Stall,0.6770885151851853,0.6770987292222224,0.0
Baseline_Simplex,1,Layer_20,Weight_Read,0.6770987292222224,0.7127252904074075,27.0
Baseline_Simplex,1,Layer_20,KV_Write_Stall,0.7127252904074075,0.7127355044444446,0.0
Baseline_Simplex,1,Layer_21,Weight_Read,0.7127355044444446,0.7483620656296297,27.0
Baseline_Simplex,1,Layer_21,KV_Write_Stall,0.7483620656296297,0.7483722796666668,0.0
Baseline_Simplex,1,Layer_22,Weight_Read,0.7483722796666668,0.7839988408518519,27.0
Baseline_Simplex,1,Layer_22,KV_Write_Stall,0.7839988408518519,0.784009054888889,0.0
Baseline_Simplex,1,Layer_23,Weight_Read,0.784009054888889,0.8196356160740741,27.0
Baseline_Simplex,1,Layer_23,KV_Write_Stall,0.8196356160740741,0.8196458301111111,0.0
Baseline_Simplex,1,Layer_24,Weight_Read,0.8196458301111111,0.8552723912962963,27.0
Baseline_Simplex,1,Layer_24,KV_Write_Stall,0.8552723912962963,0.8552826053333333,0.0
Baseline_Simplex,1,Layer_25,Weight_Read,0.8552826053333333,0.8909091665185185,27.0
Baseline_Simplex,1,Layer_25,KV_Write_Stall,0.8909091665185185,0.8909193805555555,0.0
Baseline_Simplex,1,Layer_26,Weight_Read,0.8909193805555555,0.9265459417407407,27.0
Baseline_Simplex,1,Layer_26,KV_Write_Stall,0.9265459417407407,0.9265561557777777,0.0
Baseline_Simplex,1,Layer_27,Weight_Read,0.9265561557777777,0.9621827169629629,27.0
Baseline_Simplex,1,Layer_27,KV_Write_Stall,0.9621827169629629,0.9621929309999999,0.0
Baseline_Simplex,1,Layer_28,Weight_Read,0.9621929309999999,0.9978194921851851,27.0
Baseline_Simplex,1,Layer_28,KV_Write_Stall,0.9978194921851851,0.9978297062222221,0.0
Baseline_Simplex,1,Layer_29,Weight_Read,0.9978297062222221,1.0334562674074073,27.0
Baseline_Simplex,1,Layer_29,KV_Write_Stall,1.0334562674074073,1.0334664814444443,0.0
Baseline_Simplex,1,Layer_30,Weight_Read,1.0334664814444443,1.0690930426296295,27.0
Baseline_Simplex,1,Layer_30,KV_Write_Stall,1.0690930426296295,1.0691032566666665,0.0
Baseline_Simplex,1,Layer_31,Weight_Read,1.0691032566666665,1.1047298178518516,27.0
Baseline_Simplex,1,Layer_31,KV_Write_Stall,1.1047298178518516,1.1047400318888887,0.0
Baseline_Simplex,1,Layer_32,Weight_Read,1.1047400318888887,1.1403665930740738,27.0
Baseline_Simplex,1,Layer_32,KV_Write_Stall,1.1403665930740738,1.140376807111111,0.0
Baseline_Simplex,1,Layer_33,Weight_Read,1.140376807111111,1.176003368296296,27.0
Baseline_Simplex,1,Layer_33,KV_Write_Stall,1.176003368296296,1.176013582333333,0.0
Baseline_Simplex,1,Layer_34,Weight_Read,1.176013582333333,1.2116401435185182,27.0
Baseline_Simplex,1,Layer_34,KV_Write_Stall,1.2116401435185182,1.2116503575555553,0.0
Baseline_Simplex,1,Layer_35,Weight_Read,1.2116503575555553,1.2472769187407404,27.0
Baseline_Simplex,1,Layer_35,KV_Write_Stall,1.2472769187407404,1.2472871327777775,0.0
Baseline_Simplex,1,Layer_36,Weight_Read,1.2472871327777775,1.2829136939629626,27.0
Baseline_Simplex,1,Layer_36,KV_Write_Stall,1.2829136939629626,1.2829239079999997,0.0
Baseline_Simplex,1,Layer_37,Weight_Read,1.2829239079999997,1.3185504691851848,27.0
Baseline_Simplex,1,Layer_37,KV_Write_Stall,1.3185504691851848,1.3185606832222219,0.0
Baseline_Simplex,1,Layer_38,Weight_Read,1.3185606832222219,1.354187244407407,27.0
Baseline_Simplex,1,Layer_38,KV_Write_Stall,1.354187244407407,1.354197458444444,0.0
Baseline_Simplex,1,Layer_39,Weight_Read,1.354197458444444,1.3898240196296292,27.0
Baseline_Simplex,1,Layer_39,KV_Write_Stall,1.3898240196296292,1.3898342336666663,0.0
Baseline_Simplex,1,Layer_40,Weight_Read,1.3898342336666663,1.4254607948518514,27.0
Baseline_Simplex,1,Layer_40,KV_Write_Stall,1.4254607948518514,1.4254710088888884,0.0
Baseline_Simplex,1,Layer_41,Weight_Read,1.4254710088888884,1.4610975700740736,27.0
Baseline_Simplex,1,Layer_41,KV_Write_Stall,1.4610975700740736,1.4611077841111106,0.0
Baseline_Simplex,1,Layer_42,Weight_Read,1.4611077841111106,1.4967343452962958,27.0
Baseline_Simplex,1,Layer_42,KV_Write_Stall,1.4967343452962958,1.4967445593333328,0.0
Baseline_Simplex,1,Layer_43,Weight_Read,1.4967445593333328,1.532371120518518,27.0
Baseline_Simplex,1,Layer_43,KV_Write_Stall,1.532371120518518,1.532381334555555,0.0
Baseline_Simplex,1,Layer_44,Weight_Read,1.532381334555555,1.5680078957407402,27.0
Baseline_Simplex,1,Layer_44,KV_Write_Stall,1.5680078957407402,1.5680181097777772,0.0
Baseline_Simplex,1,Layer_45,Weight_Read,1.5680181097777772,1.6036446709629624,27.0
Baseline_Simplex,1,Layer_45,KV_Write_Stall,1.6036446709629624,1.6036548849999994,0.0
Baseline_Simplex,1,Layer_46,Weight_Read,1.6036548849999994,1.6392814461851846,27.0
Baseline_Simplex,1,Layer_46,KV_Write_Stall,1.6392814461851846,1.6392916602222216,0.0
Baseline_Simplex,1,Layer_47,Weight_Read,1.6392916602222216,1.6749182214074068,27.0
Baseline_Simplex,1,Layer_47,KV_Write_Stall,1.6749182214074068,1.6749284354444438,0.0
Baseline_Simplex,1,Layer_48,Weight_Read,1.6749284354444438,1.710554996629629,27.0
Baseline_Simplex,1,Layer_48,KV_Write_Stall,1.710554996629629,1.710565210666666,0.0
Baseline_Simplex,1,Layer_49,Weight_Read,1.710565210666666,1.7461917718518511,27.0
Baseline_Simplex,1,Layer_49,KV_Write_Stall,1.7461917718518511,1.7462019858888882,0.0
Baseline_Simplex,1,Layer_50,Weight_Read,1.7462019858888882,1.7818285470740733,27.0
Baseline_Simplex,1,Layer_50,KV_Write_Stall,1.7818285470740733,1.7818387611111104,0.0
Baseline_Simplex,1,Layer_51,Weight_Read,1.7818387611111104,1.8174653222962955,27.0
Baseline_Simplex,1,Layer_51,KV_Write_Stall,1.8174653222962955,1.8174755363333326,0.0
Baseline_Simplex,1,Layer_52,Weight_Read,1.8174755363333326,1.8531020975185177,27.0
Baseline_Simplex,1,Layer_52,KV_Write_Stall,1.8531020975185177,1.8531123115555548,0.0
Baseline_Simplex,1,Layer_53,Weight_Read,1.8531123115555548,1.88873887274074,27.0
Baseline_Simplex,1,Layer_53,KV_Write_Stall,1.88873887274074,1.888749086777777,0.0
Baseline_Simplex,1,Layer_54,Weight_Read,1.888749086777777,1.9243756479629621,27.0
Baseline_Simplex,1,Layer_54,KV_Write_Stall,1.9243756479629621,1.9243858619999992,0.0
Baseline_Simplex,1,Layer_55,Weight_Read,1.9243858619999992,1.9600124231851843,27.0
Baseline_Simplex,1,Layer_55,KV_Write_Stall,1.9600124231851843,1.9600226372222214,0.0
Baseline_Simplex,1,Layer_56,Weight_Read,1.9600226372222214,1.9956491984074065,27.0
Baseline_Simplex,1,Layer_56,KV_Write_Stall,1.9956491984074065,1.9956594124444436,0.0
Baseline_Simplex,1,Layer_57,Weight_Read,1.9956594124444436,2.031285973629629,27.0
Baseline_Simplex,1,Layer_57,KV_Write_Stall,2.031285973629629,2.031296187666666,0.0
Baseline_Simplex,1,Layer_58,Weight_Read,2.031296187666666,2.066922748851851,27.0
Baseline_Simplex,1,Layer_58,KV_Write_Stall,2.066922748851851,2.066932962888888,0.0
Baseline_Simplex,1,Layer_59,Weight_Read,2.066932962888888,2.1025595240740733,27.0
Baseline_Simplex,1,Layer_59,KV_Write_Stall,2.1025595240740733,2.1025697381111104,0.0
Baseline_Simplex,1,Layer_60,Weight_Read,2.1025697381111104,2.1381962992962955,27.0
Baseline_Simplex,1,Layer_60,KV_Write_Stall,2.1381962992962955,2.1382065133333326,0.0
Baseline_Simplex,1,Layer_61,Weight_Read,2.1382065133333326,2.1738330745185177,27.0
Baseline_Simplex,1,Layer_61,KV_Write_Stall,2.1738330745185177,2.1738432885555548,0.0
Baseline_Simplex,1,Layer_62,Weight_Read,2.1738432885555548,2.20946984974074,27.0
Baseline_Simplex,1,Layer_62,KV_Write_Stall,2.20946984974074,2.209480063777777,0.0
Baseline_Simplex,1,Layer_63,Weight_Read,2.209480063777777,2.245106624962962,27.0
Baseline_Simplex,1,Layer_63,KV_Write_Stall,2.245106624962962,2.245116838999999,0.0
Baseline_Simplex,1,Layer_64,Weight_Read,2.245116838999999,2.2807434001851843,27.0
Baseline_Simplex,1,Layer_64,KV_Write_Stall,2.2807434001851843,2.2807536142222213,0.0
Baseline_Simplex,1,Layer_65,Weight_Read,2.2807536142222213,2.3163801754074065,27.0
Baseline_Simplex,1,Layer_65,KV_Write_Stall,2.3163801754074065,2.3163903894444435,0.0
Baseline_Simplex,1,Layer_66,Weight_Read,2.3163903894444435,2.3520169506296287,27.0
Baseline_Simplex,1,Layer_66,KV_Write_Stall,2.3520169506296287,2.3520271646666657,0.0
Baseline_Simplex,1,Layer_67,Weight_Read,2.3520271646666657,2.387653725851851,27.0
Baseline_Simplex,1,Layer_67,KV_Write_Stall,2.387653725851851,2.387663939888888,0.0
Baseline_Simplex,1,Layer_68,Weight_Read,2.387663939888888,2.423290501074073,27.0
Baseline_Simplex,1,Layer_68,KV_Write_Stall,2.423290501074073,2.42330071511111,0.0
Baseline_Simplex,1,Layer_69,Weight_Read,2.42330071511111,2.4589272762962953,27.0
Baseline_Simplex,1,Layer_69,KV_Write_Stall,2.4589272762962953,2.4589374903333323,0.0
Baseline_Simplex,1,Layer_70,Weight_Read,2.4589374903333323,2.4945640515185175,27.0
Baseline_Simplex,1,Layer_70,KV_Write_Stall,2.4945640515185175,2.4945742655555545,0.0
Baseline_Simplex,1,Layer_71,Weight_Read,2.4945742655555545,2.5302008267407397,27.0
Baseline_Simplex,1,Layer_71,KV_Write_Stall,2.5302008267407397,2.5302110407777767,0.0
Baseline_Simplex,1,Layer_72,Weight_Read,2.5302110407777767,2.565837601962962,27.0
Baseline_Simplex,1,Layer_72,KV_Write_Stall,2.565837601962962,2.565847815999999,0.0
Baseline_Simplex,1,Layer_73,Weight_Read,2.565847815999999,2.601474377185184,27.0
Baseline_Simplex,1,Layer_73,KV_Write_Stall,2.601474377185184,2.601484591222221,0.0
Baseline_Simplex,1,Layer_74,Weight_Read,2.601484591222221,2.6371111524074062,27.0
Baseline_Simplex,1,Layer_74,KV_Write_Stall,2.6371111524074062,2.6371213664444433,0.0
Baseline_Simplex,1,Layer_75,Weight_Read,2.6371213664444433,2.6727479276296284,27.0
Baseline_Simplex,1,Layer_75,KV_Write_Stall,2.6727479276296284,2.6727581416666655,0.0
Baseline_Simplex,1,Layer_76,Weight_Read,2.6727581416666655,2.7083847028518506,27.0
Baseline_Simplex,1,Layer_76,KV_Write_Stall,2.7083847028518506,2.7083949168888877,0.0
Baseline_Simplex,1,Layer_77,Weight_Read,2.7083949168888877,2.744021478074073,27.0
Baseline_Simplex,1,Layer_77,KV_Write_Stall,2.744021478074073,2.74403169211111,0.0
Baseline_Simplex,1,Layer_78,Weight_Read,2.74403169211111,2.779658253296295,27.0
Baseline_Simplex,1,Layer_78,KV_Write_Stall,2.779658253296295,2.779668467333332,0.0
Baseline_Simplex,1,Layer_79,Weight_Read,2.779668467333332,2.815295028518517,27.0
Baseline_Simplex,1,Layer_79,KV_Write_Stall,2.815295028518517,2.8153052425555543,0.0
Baseline_Simplex,1,Layer_80,Weight_Read,2.8153052425555543,2.8509318037407394,27.0
Baseline_Simplex,1,Layer_80,KV_Write_Stall,2.8509318037407394,2.8509420177777764,0.0
Baseline_Simplex,2,Layer_1,Weight_Read,2.8509420177777764,2.8865685789629616,27.0
Baseline_Simplex,2,Layer_1,KV_Write_Stall,2.8865685789629616,2.8865787929999986,0.0
Baseline_Simplex,2,Layer_2,Weight_Read,2.8865787929999986,2.922205354185184,27.0
Baseline_Simplex,2,Layer_2,KV_Write_Stall,2.922205354185184,2.922215568222221,0.0
Baseline_Simplex,2,Layer_3,Weight_Read,2.922215568222221,2.957842129407406,27.0
Baseline_Simplex,2,Layer_3,KV_Write_Stall,2.957842129407406,2.957852343444443,0.0
Baseline_Simplex,2,Layer_4,Weight_Read,2.957852343444443,2.993478904629628,27.0
Baseline_Simplex,2,Layer_4,KV_Write_Stall,2.993478904629628,2.9934891186666652,0.0
Baseline_Simplex,2,Layer_5,Weight_Read,2.9934891186666652,3.0291156798518504,27.0
Baseline_Simplex,2,Layer_5,KV_Write_Stall,3.0291156798518504,3.0291258938888874,0.0
Baseline_Simplex,2,Layer_6,Weight_Read,3.0291258938888874,3.0647524550740726,27.0
Baseline_Simplex,2,Layer_6,KV_Write_Stall,3.0647524550740726,3.0647626691111096,0.0
Baseline_Simplex,2,Layer_7,Weight_Read,3.0647626691111096,3.1003892302962948,27.0
Baseline_Simplex,2,Layer_7,KV_Write_Stall,3.1003892302962948,3.100399444333332,0.0
Baseline_Simplex,2,Layer_8,Weight_Read,3.100399444333332,3.136026005518517,27.0
Baseline_Simplex,2,Layer_8,KV_Write_Stall,3.136026005518517,3.136036219555554,0.0
Baseline_Simplex,2,Layer_9,Weight_Read,3.136036219555554,3.171662780740739,27.0
Baseline_Simplex,2,Layer_9,KV_Write_Stall,3.171662780740739,3.171672994777776,0.0
Baseline_Simplex,2,Layer_10,Weight_Read,3.171672994777776,3.2072995559629613,27.0
Baseline_Simplex,2,Layer_10,KV_Write_Stall,3.2072995559629613,3.2073097699999984,0.0
Baseline_Simplex,2,Layer_11,Weight_Read,3.2073097699999984,3.2429363311851835,27.0
Baseline_Simplex,2,Layer_11,KV_Write_Stall,3.2429363311851835,3.2429465452222206,0.0
Baseline_Simplex,2,Layer_12,Weight_Read,3.2429465452222206,3.2785731064074057,27.0
Baseline_Simplex,2,Layer_12,KV_Write_Stall,3.2785731064074057,3.278583320444443,0.0
Baseline_Simplex,2,Layer_13,Weight_Read,3.278583320444443,3.314209881629628,27.0
Baseline_Simplex,2,Layer_13,KV_Write_Stall,3.314209881629628,3.314220095666665,0.0
Baseline_Simplex,2,Layer_14,Weight_Read,3.314220095666665,3.34984665685185,27.0
Baseline_Simplex,2,Layer_14,KV_Write_Stall,3.34984665685185,3.349856870888887,0.0
Baseline_Simplex,2,Layer_15,Weight_Read,3.349856870888887,3.3854834320740723,27.0
Baseline_Simplex,2,Layer_15,KV_Write_Stall,3.3854834320740723,3.3854936461111094,0.0
Baseline_Simplex,2,Layer_16,Weight_Read,3.3854936461111094,3.4211202072962945,27.0
Baseline_Simplex,2,Layer_16,KV_Write_Stall,3.4211202072962945,3.4211304213333316,0.0
Baseline_Simplex,2,Layer_17,Weight_Read,3.4211304213333316,3.4567569825185167,27.0
Baseline_Simplex,2,Layer_17,KV_Write_Stall,3.4567569825185167,3.4567671965555538,0.0
Baseline_Simplex,2,Layer_18,Weight_Read,3.4567671965555538,3.492393757740739,27.0
Baseline_Simplex,2,Layer_18,KV_Write_Stall,3.492393757740739,3.492403971777776,0.0
Baseline_Simplex,2,Layer_19,Weight_Read,3.492403971777776,3.528030532962961,27.0
Baseline_Simplex,2,Layer_19,KV_Write_Stall,3.528030532962961,3.528040746999998,0.0
Baseline_Simplex,2,Layer_20,Weight_Read,3.528040746999998,3.5636673081851833,27.0
Baseline_Simplex,2,Layer_20,KV_Write_Stall,3.5636673081851833,3.5636775222222203,0.0
Baseline_Simplex,2,Layer_21,Weight_Read,3.5636775222222203,3.5993040834074055,27.0
Baseline_Simplex,2,Layer_21,KV_Write_Stall,3.5993040834074055,3.5993142974444425,0.0
Baseline_Simplex,2,Layer_22,Weight_Read,3.5993142974444425,3.6349408586296277,27.0
Baseline_Simplex,2,Layer_22,KV_Write_Stall,3.6349408586296277,3.6349510726666647,0.0
Baseline_Simplex,2,Layer_23,Weight_Read,3.6349510726666647,3.67057763385185,27.0
Baseline_Simplex,2,Layer_23,KV_Write_Stall,3.67057763385185,3.670587847888887,0.0
Baseline_Simplex,2,Layer_24,Weight_Read,3.670587847888887,3.706214409074072,27.0
Baseline_Simplex,2,Layer_24,KV_Write_Stall,3.706214409074072,3.706224623111109,0.0
Baseline_Simplex,2,Layer_25,Weight_Read,3.706224623111109,3.7418511842962943,27.0
Baseline_Simplex,2,Layer_25,KV_Write_Stall,3.7418511842962943,3.7418613983333313,0.0
Baseline_Simplex,2,Layer_26,Weight_Read,3.7418613983333313,3.7774879595185165,27.0
Baseline_Simplex,2,Layer_26,KV_Write_Stall,3.7774879595185165,3.7774981735555535,0.0
Baseline_Simplex,2,Layer_27,Weight_Read,3.7774981735555535,3.8131247347407387,27.0
Baseline_Simplex,2,Layer_27,KV_Write_Stall,3.8131247347407387,3.8131349487777757,0.0
Baseline_Simplex,2,Layer_28,Weight_Read,3.8131349487777757,3.848761509962961,27.0
Baseline_Simplex,2,Layer_28,KV_Write_Stall,3.848761509962961,3.848771723999998,0.0
Baseline_Simplex,2,Layer_29,Weight_Read,3.848771723999998,3.884398285185183,27.0
Baseline_Simplex,2,Layer_29,KV_Write_Stall,3.884398285185183,3.88440849922222,0.0
Baseline_Simplex,2,Layer_30,Weight_Read,3.88440849922222,3.9200350604074052,27.0
Baseline_Simplex,2,Layer_30,KV_Write_Stall,3.9200350604074052,3.9200452744444423,0.0
Baseline_Simplex,2,Layer_31,Weight_Read,3.9200452744444423,3.9556718356296274,27.0
Baseline_Simplex,2,Layer_31,KV_Write_Stall,3.9556718356296274,3.9556820496666645,0.0
Baseline_Simplex,2,Layer_32,Weight_Read,3.9556820496666645,3.9913086108518496,27.0
Baseline_Simplex,2,Layer_32,KV_Write_Stall,3.9913086108518496,3.9913188248888867,0.0
Baseline_Simplex,2,Layer_33,Weight_Read,3.9913188248888867,4.026945386074072,27.0
Baseline_Simplex,2,Layer_33,KV_Write_Stall,4.026945386074072,4.026955600111108,0.0
Baseline_Simplex,2,Layer_34,Weight_Read,4.026955600111108,4.062582161296294,27.0
Baseline_Simplex,2,Layer_34,KV_Write_Stall,4.062582161296294,4.06259237533333,0.0
Baseline_Simplex,2,Layer_35,Weight_Read,4.06259237533333,4.098218936518515,27.0
Baseline_Simplex,2,Layer_35,KV_Write_Stall,4.098218936518515,4.098229150555552,0.0
Baseline_Simplex,2,Layer_36,Weight_Read,4.098229150555552,4.133855711740737,27.0
Baseline_Simplex,2,Layer_36,KV_Write_Stall,4.133855711740737,4.133865925777774,0.0
Baseline_Simplex,2,Layer_37,Weight_Read,4.133865925777774,4.169492486962959,27.0
Baseline_Simplex,2,Layer_37,KV_Write_Stall,4.169492486962959,4.169502700999995,0.0
Baseline_Simplex,2,Layer_38,Weight_Read,4.169502700999995,4.205129262185181,27.0
Baseline_Simplex,2,Layer_38,KV_Write_Stall,4.205129262185181,4.205139476222217,0.0
Baseline_Simplex,2,Layer_39,Weight_Read,4.205139476222217,4.240766037407402,27.0
Baseline_Simplex,2,Layer_39,KV_Write_Stall,4.240766037407402,4.240776251444439,0.0
Baseline_Simplex,2,Layer_40,Weight_Read,4.240776251444439,4.276402812629624,27.0
Baseline_Simplex,2,Layer_40,KV_Write_Stall,4.276402812629624,4.276413026666661,0.0
Baseline_Simplex,2,Layer_41,Weight_Read,4.276413026666661,4.312039587851846,27.0
Baseline_Simplex,2,Layer_41,KV_Write_Stall,4.312039587851846,4.312049801888882,0.0
Baseline_Simplex,2,Layer_42,Weight_Read,4.312049801888882,4.347676363074068,27.0
Baseline_Simplex,2,Layer_42,KV_Write_Stall,4.347676363074068,4.347686577111104,0.0
Baseline_Simplex,2,Layer_43,Weight_Read,4.347686577111104,4.383313138296289,27.0
Baseline_Simplex,2,Layer_43,KV_Write_Stall,4.383313138296289,4.383323352333326,0.0
Baseline_Simplex,2,Layer_44,Weight_Read,4.383323352333326,4.418949913518511,27.0
Baseline_Simplex,2,Layer_44,KV_Write_Stall,4.418949913518511,4.418960127555548,0.0
Baseline_Simplex,2,Layer_45,Weight_Read,4.418960127555548,4.454586688740733,27.0
Baseline_Simplex,2,Layer_45,KV_Write_Stall,4.454586688740733,4.454596902777769,0.0
Baseline_Simplex,2,Layer_46,Weight_Read,4.454596902777769,4.490223463962955,27.0
Baseline_Simplex,2,Layer_46,KV_Write_Stall,4.490223463962955,4.490233677999991,0.0
Baseline_Simplex,2,Layer_47,Weight_Read,4.490233677999991,4.525860239185176,27.0
Baseline_Simplex,2,Layer_47,KV_Write_Stall,4.525860239185176,4.525870453222213,0.0
Baseline_Simplex,2,Layer_48,Weight_Read,4.525870453222213,4.561497014407398,27.0
Baseline_Simplex,2,Layer_48,KV_Write_Stall,4.561497014407398,4.561507228444435,0.0
Baseline_Simplex,2,Layer_49,Weight_Read,4.561507228444435,4.59713378962962,27.0
Baseline_Simplex,2,Layer_49,KV_Write_Stall,4.59713378962962,4.597144003666656,0.0
Baseline_Simplex,2,Layer_50,Weight_Read,4.597144003666656,4.632770564851842,27.0
Baseline_Simplex,2,Layer_50,KV_Write_Stall,4.632770564851842,4.632780778888878,0.0
Baseline_Simplex,2,Layer_51,Weight_Read,4.632780778888878,4.668407340074063,27.0
Baseline_Simplex,2,Layer_51,KV_Write_Stall,4.668407340074063,4.6684175541111,0.0
Baseline_Simplex,2,Layer_52,Weight_Read,4.6684175541111,4.704044115296285,27.0
Baseline_Simplex,2,Layer_52,KV_Write_Stall,4.704044115296285,4.704054329333322,0.0
Baseline_Simplex,2,Layer_53,Weight_Read,4.704054329333322,4.739680890518507,27.0
Baseline_Simplex,2,Layer_53,KV_Write_Stall,4.739680890518507,4.739691104555543,0.0
Baseline_Simplex,2,Layer_54,Weight_Read,4.739691104555543,4.775317665740729,27.0
Baseline_Simplex,2,Layer_54,KV_Write_Stall,4.775317665740729,4.775327879777765,0.0
Baseline_Simplex,2,Layer_55,Weight_Read,4.775327879777765,4.81095444096295,27.0
Baseline_Simplex,2,Layer_55,KV_Write_Stall,4.81095444096295,4.810964654999987,0.0
Baseline_Simplex,2,Layer_56,Weight_Read,4.810964654999987,4.846591216185172,27.0
Baseline_Simplex,2,Layer_56,KV_Write_Stall,4.846591216185172,4.846601430222209,0.0
Baseline_Simplex,2,Layer_57,Weight_Read,4.846601430222209,4.882227991407394,27.0
Baseline_Simplex,2,Layer_57,KV_Write_Stall,4.882227991407394,4.88223820544443,0.0
Baseline_Simplex,2,Layer_58,Weight_Read,4.88223820544443,4.917864766629616,27.0
Baseline_Simplex,2,Layer_58,KV_Write_Stall,4.917864766629616,4.917874980666652,0.0
Baseline_Simplex,2,Layer_59,Weight_Read,4.917874980666652,4.953501541851837,27.0
Baseline_Simplex,2,Layer_59,KV_Write_Stall,4.953501541851837,4.953511755888874,0.0
Baseline_Simplex,2,Layer_60,Weight_Read,4.953511755888874,4.989138317074059,27.0
Baseline_Simplex,2,Layer_60,KV_Write_Stall,4.989138317074059,4.989148531111096,0.0
Baseline_Simplex,2,Layer_61,Weight_Read,4.989148531111096,5.024775092296281,27.0
Baseline_Simplex,2,Layer_61,KV_Write_Stall,5.024775092296281,5.024785306333317,0.0
Baseline_Simplex,2,Layer_62,Weight_Read,5.024785306333317,5.060411867518503,27.0
Baseline_Simplex,2,Layer_62,KV_Write_Stall,5.060411867518503,5.060422081555539,0.0
Baseline_Simplex,2,Layer_63,Weight_Read,5.060422081555539,5.096048642740724,27.0
Baseline_Simplex,2,Layer_63,KV_Write_Stall,5.096048642740724,5.096058856777761,0.0
Baseline_Simplex,2,Layer_64,Weight_Read,5.096058856777761,5.131685417962946,27.0
Baseline_Simplex,2,Layer_64,KV_Write_Stall,5.131685417962946,5.131695631999983,0.0
Baseline_Simplex,2,Layer_65,Weight_Read,5.131695631999983,5.167322193185168,27.0
Baseline_Simplex,2,Layer_65,KV_Write_Stall,5.167322193185168,5.167332407222204,0.0
Baseline_Simplex,2,Layer_66,Weight_Read,5.167332407222204,5.20295896840739,27.0
Baseline_Simplex,2,Layer_66,KV_Write_Stall,5.20295896840739,5.202969182444426,0.0
Baseline_Simplex,2,Layer_67,Weight_Read,5.202969182444426,5.238595743629611,27.0
Baseline_Simplex,2,Layer_67,KV_Write_Stall,5.238595743629611,5.238605957666648,0.0
Baseline_Simplex,2,Layer_68,Weight_Read,5.238605957666648,5.274232518851833,27.0
Baseline_Simplex,2,Layer_68,KV_Write_Stall,5.274232518851833,5.27424273288887,0.0
Baseline_Simplex,2,Layer_69,Weight_Read,5.27424273288887,5.309869294074055,27.0
Baseline_Simplex,2,Layer_69,KV_Write_Stall,5.309869294074055,5.309879508111091,0.0
Baseline_Simplex,2,Layer_70,Weight_Read,5.309879508111091,5.345506069296277,27.0
Baseline_Simplex,2,Layer_70,KV_Write_Stall,5.345506069296277,5.345516283333313,0.0
Baseline_Simplex,2,Layer_71,Weight_Read,5.345516283333313,5.381142844518498,27.0
Baseline_Simplex,2,Layer_71,KV_Write_Stall,5.381142844518498,5.381153058555535,0.0
Baseline_Simplex,2,Layer_72,Weight_Read,5.381153058555535,5.41677961974072,27.0
Baseline_Simplex,2,Layer_72,KV_Write_Stall,5.41677961974072,5.416789833777757,0.0
Baseline_Simplex,2,Layer_73,Weight_Read,5.416789833777757,5.452416394962942,27.0
Baseline_Simplex,2,Layer_73,KV_Write_Stall,5.452416394962942,5.452426608999978,0.0
Baseline_Simplex,2,Layer_74,Weight_Read,5.452426608999978,5.488053170185164,27.0
Baseline_Simplex,2,Layer_74,KV_Write_Stall,5.488053170185164,5.4880633842222,0.0
Baseline_Simplex,2,Layer_75,Weight_Read,5.4880633842222,5.523689945407385,27.0
Baseline_Simplex,2,Layer_75,KV_Write_Stall,5.523689945407385,5.523700159444422,0.0
Baseline_Simplex,2,Layer_76,Weight_Read,5.523700159444422,5.559326720629607,27.0
Baseline_Simplex,2,Layer_76,KV_Write_Stall,5.559326720629607,5.559336934666644,0.0
Baseline_Simplex,2,Layer_77,Weight_Read,5.559336934666644,5.594963495851829,27.0
Baseline_Simplex,2,Layer_77,KV_Write_Stall,5.594963495851829,5.594973709888865,0.0
Baseline_Simplex,2,Layer_78,Weight_Read,5.594973709888865,5.630600271074051,27.0
Baseline_Simplex,2,Layer_78,KV_Write_Stall,5.630600271074051,5.630610485111087,0.0
Baseline_Simplex,2,Layer_79,Weight_Read,5.630610485111087,5.666237046296272,27.0
Baseline_Simplex,2,Layer_79,KV_Write_Stall,5.666237046296272,5.666247260333309,0.0
Baseline_Simplex,2,Layer_80,Weight_Read,5.666247260333309,5.701873821518494,27.0
Baseline_Simplex,2,Layer_80,KV_Write_Stall,5.701873821518494,5.701884035555531,0.0
Baseline_Simplex,3,Layer_1,Weight_Read,5.701884035555531,5.737510596740716,27.0
Baseline_Simplex,3,Layer_1,KV_Write_Stall,5.737510596740716,5.7375208107777524,0.0
Baseline_Simplex,3,Layer_2,Weight_Read,5.7375208107777524,5.773147371962938,27.0
Baseline_Simplex,3,Layer_2,KV_Write_Stall,5.773147371962938,5.773157585999974,0.0
Baseline_Simplex,3,Layer_3,Weight_Read,5.773157585999974,5.808784147185159,27.0
Baseline_Simplex,3,Layer_3,KV_Write_Stall,5.808784147185159,5.808794361222196,0.0
Baseline_Simplex,3,Layer_4,Weight_Read,5.808794361222196,5.844420922407381,27.0
Baseline_Simplex,3,Layer_4,KV_Write_Stall,5.844420922407381,5.844431136444418,0.0
Baseline_Simplex,3,Layer_5,Weight_Read,5.844431136444418,5.880057697629603,27.0
Baseline_Simplex,3,Layer_5,KV_Write_Stall,5.880057697629603,5.8800679116666394,0.0
Baseline_Simplex,3,Layer_6,Weight_Read,5.8800679116666394,5.915694472851825,27.0
Baseline_Simplex,3,Layer_6,KV_Write_Stall,5.915694472851825,5.915704686888861,0.0
Baseline_Simplex,3,Layer_7,Weight_Read,5.915704686888861,5.951331248074046,27.0
Baseline_Simplex,3,Layer_7,KV_Write_Stall,5.951331248074046,5.951341462111083,0.0
Baseline_Simplex,3,Layer_8,Weight_Read,5.951341462111083,5.986968023296268,27.0
Baseline_Simplex,3,Layer_8,KV_Write_Stall,5.986968023296268,5.986978237333305,0.0
Baseline_Simplex,3,Layer_9,Weight_Read,5.986978237333305,6.02260479851849,27.0
Baseline_Simplex,3,Layer_9,KV_Write_Stall,6.02260479851849,6.0226150125555264,0.0
Baseline_Simplex,3,Layer_10,Weight_Read,6.0226150125555264,6.058241573740712,27.0
Baseline_Simplex,3,Layer_10,KV_Write_Stall,6.058241573740712,6.058251787777748,0.0
Baseline_Simplex,3,Layer_11,Weight_Read,6.058251787777748,6.093878348962933,27.0
Baseline_Simplex,3,Layer_11,KV_Write_Stall,6.093878348962933,6.09388856299997,0.0
Baseline_Simplex,3,Layer_12,Weight_Read,6.09388856299997,6.129515124185155,27.0
Baseline_Simplex,3,Layer_12,KV_Write_Stall,6.129515124185155,6.129525338222192,0.0
Baseline_Simplex,3,Layer_13,Weight_Read,6.129525338222192,6.165151899407377,27.0
Baseline_Simplex,3,Layer_13,KV_Write_Stall,6.165151899407377,6.1651621134444134,0.0
Baseline_Simplex,3,Layer_14,Weight_Read,6.1651621134444134,6.200788674629599,27.0
Baseline_Simplex,3,Layer_14,KV_Write_Stall,6.200788674629599,6.200798888666635,0.0
Baseline_Simplex,3,Layer_15,Weight_Read,6.200798888666635,6.23642544985182,27.0
Baseline_Simplex,3,Layer_15,KV_Write_Stall,6.23642544985182,6.236435663888857,0.0
Baseline_Simplex,3,Layer_16,Weight_Read,6.236435663888857,6.272062225074042,27.0
Baseline_Simplex,3,Layer_16,KV_Write_Stall,6.272062225074042,6.272072439111079,0.0
Baseline_Simplex,3,Layer_17,Weight_Read,6.272072439111079,6.307699000296264,27.0
Baseline_Simplex,3,Layer_17,KV_Write_Stall,6.307699000296264,6.3077092143333005,0.0
Baseline_Simplex,3,Layer_18,Weight_Read,6.3077092143333005,6.343335775518486,27.0
Baseline_Simplex,3,Layer_18,KV_Write_Stall,6.343335775518486,6.343345989555522,0.0
Baseline_Simplex,3,Layer_19,Weight_Read,6.343345989555522,6.378972550740707,27.0
Baseline_Simplex,3,Layer_19,KV_Write_Stall,6.378972550740707,6.378982764777744,0.0
Baseline_Simplex,3,Layer_20,Weight_Read,6.378982764777744,6.414609325962929,27.0
Baseline_Simplex,3,Layer_20,KV_Write_Stall,6.414609325962929,6.414619539999966,0.0
Baseline_Simplex,3,Layer_21,Weight_Read,6.414619539999966,6.450246101185151,27.0
Baseline_Simplex,3,Layer_21,KV_Write_Stall,6.450246101185151,6.4502563152221875,0.0
Baseline_Simplex,3,Layer_22,Weight_Read,6.4502563152221875,6.485882876407373,27.0
Baseline_Simplex,3,Layer_22,KV_Write_Stall,6.485882876407373,6.485893090444409,0.0
Baseline_Simplex,3,Layer_23,Weight_Read,6.485893090444409,6.521519651629594,27.0
Baseline_Simplex,3,Layer_23,KV_Write_Stall,6.521519651629594,6.521529865666631,0.0
Baseline_Simplex,3,Layer_24,Weight_Read,6.521529865666631,6.557156426851816,27.0
Baseline_Simplex,3,Layer_24,KV_Write_Stall,6.557156426851816,6.557166640888853,0.0
Baseline_Simplex,3,Layer_25,Weight_Read,6.557166640888853,6.592793202074038,27.0
Baseline_Simplex,3,Layer_25,KV_Write_Stall,6.592793202074038,6.5928034161110745,0.0
Baseline_Simplex,3,Layer_26,Weight_Read,6.5928034161110745,6.62842997729626,27.0
Baseline_Simplex,3,Layer_26,KV_Write_Stall,6.62842997729626,6.628440191333296,0.0
Baseline_Simplex,3,Layer_27,Weight_Read,6.628440191333296,6.664066752518481,27.0
Baseline_Simplex,3,Layer_27,KV_Write_Stall,6.664066752518481,6.664076966555518,0.0
Baseline_Simplex,3,Layer_28,Weight_Read,6.664076966555518,6.699703527740703,27.0
Baseline_Simplex,3,Layer_28,KV_Write_Stall,6.699703527740703,6.69971374177774,0.0
Baseline_Simplex,3,Layer_29,Weight_Read,6.69971374177774,6.735340302962925,27.0
Baseline_Simplex,3,Layer_29,KV_Write_Stall,6.735340302962925,6.7353505169999615,0.0
Baseline_Simplex,3,Layer_30,Weight_Read,6.7353505169999615,6.770977078185147,27.0
Baseline_Simplex,3,Layer_30,KV_Write_Stall,6.770977078185147,6.770987292222183,0.0
Baseline_Simplex,3,Layer_31,Weight_Read,6.770987292222183,6.806613853407368,27.0
Baseline_Simplex,3,Layer_31,KV_Write_Stall,6.806613853407368,6.806624067444405,0.0
Baseline_Simplex,3,Layer_32,Weight_Read,6.806624067444405,6.84225062862959,27.0
Baseline_Simplex,3,Layer_32,KV_Write_Stall,6.84225062862959,6.842260842666627,0.0
Baseline_Simplex,3,Layer_33,Weight_Read,6.842260842666627,6.877887403851812,27.0
Baseline_Simplex,3,Layer_33,KV_Write_Stall,6.877887403851812,6.8778976178888485,0.0
Baseline_Simplex,3,Layer_34,Weight_Read,6.8778976178888485,6.913524179074034,27.0
Baseline_Simplex,3,Layer_34,KV_Write_Stall,6.913524179074034,6.91353439311107,0.0
Baseline_Simplex,3,Layer_35,Weight_Read,6.91353439311107,6.949160954296255,27.0
Baseline_Simplex,3,Layer_35,KV_Write_Stall,6.949160954296255,6.949171168333292,0.0
Baseline_Simplex,3,Layer_36,Weight_Read,6.949171168333292,6.984797729518477,27.0
Baseline_Simplex,3,Layer_36,KV_Write_Stall,6.984797729518477,6.984807943555514,0.0
Baseline_Simplex,3,Layer_37,Weight_Read,6.984807943555514,7.020434504740699,27.0
Baseline_Simplex,3,Layer_37,KV_Write_Stall,7.020434504740699,7.0204447187777355,0.0
Baseline_Simplex,3,Layer_38,Weight_Read,7.0204447187777355,7.056071279962921,27.0
Baseline_Simplex,3,Layer_38,KV_Write_Stall,7.056071279962921,7.056081493999957,0.0
Baseline_Simplex,3,Layer_39,Weight_Read,7.056081493999957,7.091708055185142,27.0
Baseline_Simplex,3,Layer_39,KV_Write_Stall,7.091708055185142,7.091718269222179,0.0
Baseline_Simplex,3,Layer_40,Weight_Read,7.091718269222179,7.127344830407364,27.0
Baseline_Simplex,3,Layer_40,KV_Write_Stall,7.127344830407364,7.127355044444401,0.0
Baseline_Simplex,3,Layer_41,Weight_Read,7.127355044444401,7.162981605629586,27.0
Baseline_Simplex,3,Layer_41,KV_Write_Stall,7.162981605629586,7.1629918196666225,0.0
Baseline_Simplex,3,Layer_42,Weight_Read,7.1629918196666225,7.198618380851808,27.0
Baseline_Simplex,3,Layer_42,KV_Write_Stall,7.198618380851808,7.198628594888844,0.0
Baseline_Simplex,3,Layer_43,Weight_Read,7.198628594888844,7.234255156074029,27.0
Baseline_Simplex,3,Layer_43,KV_Write_Stall,7.234255156074029,7.234265370111066,0.0
Baseline_Simplex,3,Layer_44,Weight_Read,7.234265370111066,7.269891931296251,27.0
Baseline_Simplex,3,Layer_44,KV_Write_Stall,7.269891931296251,7.269902145333288,0.0
Baseline_Simplex,3,Layer_45,Weight_Read,7.269902145333288,7.305528706518473,27.0
Baseline_Simplex,3,Layer_45,KV_Write_Stall,7.305528706518473,7.3055389205555095,0.0
Baseline_Simplex,3,Layer_46,Weight_Read,7.3055389205555095,7.341165481740695,27.0
Baseline_Simplex,3,Layer_46,KV_Write_Stall,7.341165481740695,7.341175695777731,0.0
Baseline_Simplex,3,Layer_47,Weight_Read,7.341175695777731,7.376802256962916,27.0
Baseline_Simplex,3,Layer_47,KV_Write_Stall,7.376802256962916,7.376812470999953,0.0
Baseline_Simplex,3,Layer_48,Weight_Read,7.376812470999953,7.412439032185138,27.0
Baseline_Simplex,3,Layer_48,KV_Write_Stall,7.412439032185138,7.412449246222175,0.0
Baseline_Simplex,3,Layer_49,Weight_Read,7.412449246222175,7.44807580740736,27.0
Baseline_Simplex,3,Layer_49,KV_Write_Stall,7.44807580740736,7.4480860214443965,0.0
Baseline_Simplex,3,Layer_50,Weight_Read,7.4480860214443965,7.483712582629582,27.0
Baseline_Simplex,3,Layer_50,KV_Write_Stall,7.483712582629582,7.483722796666618,0.0
Baseline_Simplex,3,Layer_51,Weight_Read,7.483722796666618,7.519349357851803,27.0
Baseline_Simplex,3,Layer_51,KV_Write_Stall,7.519349357851803,7.51935957188884,0.0
Baseline_Simplex,3,Layer_52,Weight_Read,7.51935957188884,7.554986133074025,27.0
Baseline_Simplex,3,Layer_52,KV_Write_Stall,7.554986133074025,7.554996347111062,0.0
Baseline_Simplex,3,Layer_53,Weight_Read,7.554996347111062,7.590622908296247,27.0
Baseline_Simplex,3,Layer_53,KV_Write_Stall,7.590622908296247,7.5906331223332835,0.0
Baseline_Simplex,3,Layer_54,Weight_Read,7.5906331223332835,7.626259683518469,27.0
Baseline_Simplex,3,Layer_54,KV_Write_Stall,7.626259683518469,7.626269897555505,0.0
Baseline_Simplex,3,Layer_55,Weight_Read,7.626269897555505,7.66189645874069,27.0
Baseline_Simplex,3,Layer_55,KV_Write_Stall,7.66189645874069,7.661906672777727,0.0
Baseline_Simplex,3,Layer_56,Weight_Read,7.661906672777727,7.697533233962912,27.0
Baseline_Simplex,3,Layer_56,KV_Write_Stall,7.697533233962912,7.697543447999949,0.0
Baseline_Simplex,3,Layer_57,Weight_Read,7.697543447999949,7.733170009185134,27.0
Baseline_Simplex,3,Layer_57,KV_Write_Stall,7.733170009185134,7.7331802232221705,0.0
Baseline_Simplex,3,Layer_58,Weight_Read,7.7331802232221705,7.768806784407356,27.0
Baseline_Simplex,3,Layer_58,KV_Write_Stall,7.768806784407356,7.768816998444392,0.0
Baseline_Simplex,3,Layer_59,Weight_Read,7.768816998444392,7.804443559629577,27.0
Baseline_Simplex,3,Layer_59,KV_Write_Stall,7.804443559629577,7.804453773666614,0.0
Baseline_Simplex,3,Layer_60,Weight_Read,7.804453773666614,7.840080334851799,27.0
Baseline_Simplex,3,Layer_60,KV_Write_Stall,7.840080334851799,7.840090548888836,0.0
Baseline_Simplex,3,Layer_61,Weight_Read,7.840090548888836,7.875717110074021,27.0
Baseline_Simplex,3,Layer_61,KV_Write_Stall,7.875717110074021,7.8757273241110575,0.0
Baseline_Simplex,3,Layer_62,Weight_Read,7.8757273241110575,7.911353885296243,27.0
Baseline_Simplex,3,Layer_62,KV_Write_Stall,7.911353885296243,7.911364099333279,0.0
Baseline_Simplex,3,Layer_63,Weight_Read,7.911364099333279,7.946990660518464,27.0
Baseline_Simplex,3,Layer_63,KV_Write_Stall,7.946990660518464,7.947000874555501,0.0
Baseline_Simplex,3,Layer_64,Weight_Read,7.947000874555501,7.982627435740686,27.0
Baseline_Simplex,3,Layer_64,KV_Write_Stall,7.982627435740686,7.982637649777723,0.0
Baseline_Simplex,3,Layer_65,Weight_Read,7.982637649777723,8.018264210962908,27.0
Baseline_Simplex,3,Layer_65,KV_Write_Stall,8.018264210962908,8.018274424999944,0.0
Baseline_Simplex,3,Layer_66,Weight_Read,8.018274424999944,8.05390098618513,27.0
Baseline_Simplex,3,Layer_66,KV_Write_Stall,8.05390098618513,8.053911200222167,0.0
Baseline_Simplex,3,Layer_67,Weight_Read,8.053911200222167,8.089537761407353,27.0
Baseline_Simplex,3,Layer_67,KV_Write_Stall,8.089537761407353,8.08954797544439,0.0
Baseline_Simplex,3,Layer_68,Weight_Read,8.08954797544439,8.125174536629576,27.0
Baseline_Simplex,3,Layer_68,KV_Write_Stall,8.125174536629576,8.125184750666612,0.0
Baseline_Simplex,3,Layer_69,Weight_Read,8.125184750666612,8.160811311851798,27.0
Baseline_Simplex,3,Layer_69,KV_Write_Stall,8.160811311851798,8.160821525888835,0.0
Baseline_Simplex,3,Layer_70,Weight_Read,8.160821525888835,8.196448087074021,27.0
Baseline_Simplex,3,Layer_70,KV_Write_Stall,8.196448087074021,8.196458301111058,0.0
Baseline_Simplex,3,Layer_71,Weight_Read,8.196458301111058,8.232084862296244,27.0
Baseline_Simplex,3,Layer_71,KV_Write_Stall,8.232084862296244,8.23209507633328,0.0
Baseline_Simplex,3,Layer_72,Weight_Read,8.23209507633328,8.267721637518466,27.0
Baseline_Simplex,3,Layer_72,KV_Write_Stall,8.267721637518466,8.267731851555503,0.0
Baseline_Simplex,3,Layer_73,Weight_Read,8.267731851555503,8.303358412740689,27.0
Baseline_Simplex,3,Layer_73,KV_Write_Stall,8.303358412740689,8.303368626777726,0.0
Baseline_Simplex,3,Layer_74,Weight_Read,8.303368626777726,8.338995187962912,27.0
Baseline_Simplex,3,Layer_74,KV_Write_Stall,8.338995187962912,8.339005401999948,0.0
Baseline_Simplex,3,Layer_75,Weight_Read,8.339005401999948,8.374631963185134,27.0
Baseline_Simplex,3,Layer_75,KV_Write_Stall,8.374631963185134,8.37464217722217,0.0
Baseline_Simplex,3,Layer_76,Weight_Read,8.37464217722217,8.410268738407357,27.0
Baseline_Simplex,3,Layer_76,KV_Write_Stall,8.410268738407357,8.410278952444393,0.0
Baseline_Simplex,3,Layer_77,Weight_Read,8.410278952444393,8.44590551362958,27.0
Baseline_Simplex,3,Layer_77,KV_Write_Stall,8.44590551362958,8.445915727666616,0.0
Baseline_Simplex,3,Layer_78,Weight_Read,8.445915727666616,8.481542288851802,27.0
Baseline_Simplex,3,Layer_78,KV_Write_Stall,8.481542288851802,8.481552502888839,0.0
Baseline_Simplex,3,Layer_79,Weight_Read,8.481552502888839,8.517179064074025,27.0
Baseline_Simplex,3,Layer_79,KV_Write_Stall,8.517179064074025,8.517189278111061,0.0
Baseline_Simplex,3,Layer_80,Weight_Read,8.517189278111061,8.552815839296247,27.0
Baseline_Simplex,3,Layer_80,KV_Write_Stall,8.552815839296247,8.552826053333284,0.0
SemDuplex,1,Layer_1_Attn,Attention_Read,0.0,0.008333080520833333,0.0
SemDuplex,1,Layer_1_Attn,KV_Write_Background,0.0,1.0214037037037036e-05,-27.0
SemDuplex,1,Layer_1_MLP,MLP_Read,0.008333080520833333,0.06747363666898148,27.0
SemDuplex,1,Layer_2_Attn,Attention_Read,0.06747363666898148,0.07580671718981481,0.0
SemDuplex,1,Layer_2_Attn,KV_Write_Background,0.06747363666898148,0.06748385070601852,-27.0
SemDuplex,1,Layer_2_MLP,MLP_Read,0.07580671718981481,0.13494727333796297,27.0
SemDuplex,1,Layer_3_Attn,Attention_Read,0.13494727333796297,0.1432803538587963,0.0
SemDuplex,1,Layer_3_Attn,KV_Write_Background,0.13494727333796297,0.13495748737500002,-27.0
SemDuplex,1,Layer_3_MLP,MLP_Read,0.1432803538587963,0.20242091000694445,27.0
SemDuplex,1,Layer_4_Attn,Attention_Read,0.20242091000694445,0.2107539905277778,0.0
SemDuplex,1,Layer_4_Attn,KV_Write_Background,0.20242091000694445,0.2024311240439815,-27.0
SemDuplex,1,Layer_4_MLP,MLP_Read,0.2107539905277778,0.26989454667592594,27.0
SemDuplex,1,Layer_5_Attn,Attention_Read,0.26989454667592594,0.27822762719675925,0.0
SemDuplex,1,Layer_5_Attn,KV_Write_Background,0.26989454667592594,0.269904760712963,-27.0
SemDuplex,1,Layer_5_MLP,MLP_Read,0.27822762719675925,0.3373681833449074,27.0
SemDuplex,1,Layer_6_Attn,Attention_Read,0.3373681833449074,0.34570126386574074,0.0
SemDuplex,1,Layer_6_Attn,KV_Write_Background,0.3373681833449074,0.3373783973819445,-27.0
SemDuplex,1,Layer_6_MLP,MLP_Read,0.34570126386574074,0.4048418200138889,27.0
SemDuplex,1,Layer_7_Attn,Attention_Read,0.4048418200138889,0.4131749005347222,0.0
SemDuplex,1,Layer_7_Attn,KV_Write_Background,0.4048418200138889,0.40485203405092596,-27.0
SemDuplex,1,Layer_7_MLP,MLP_Read,0.4131749005347222,0.4723154566828704,27.0
SemDuplex,1,Layer_8_Attn,Attention_Read,0.4723154566828704,0.4806485372037037,0.0
SemDuplex,1,Layer_8_Attn,KV_Write_Background,0.4723154566828704,0.47232567071990744,-27.0
SemDuplex,1,Layer_8_MLP,MLP_Read,0.4806485372037037,0.5397890933518519,27.0
SemDuplex,1,Layer_9_Attn,Attention_Read,0.5397890933518519,0.5481221738726852,0.0
SemDuplex,1,Layer_9_Attn,KV_Write_Background,0.5397890933518519,0.5397993073888889,-27.0
SemDuplex,1,Layer_9_MLP,MLP_Read,0.5481221738726852,0.6072627300208334,27.0
SemDuplex,1,Layer_10_Attn,Attention_Read,0.6072627300208334,0.6155958105416668,0.0
SemDuplex,1,Layer_10_Attn,KV_Write_Background,0.6072627300208334,0.6072729440578705,-27.0
SemDuplex,1,Layer_10_MLP,MLP_Read,0.6155958105416668,0.674736366689815,27.0
SemDuplex,1,Layer_11_Attn,Attention_Read,0.674736366689815,0.6830694472106483,0.0
SemDuplex,1,Layer_11_Attn,KV_Write_Background,0.674736366689815,0.674746580726852,-27.0
SemDuplex,1,Layer_11_MLP,MLP_Read,0.6830694472106483,0.7422100033587965,27.0
SemDuplex,1,Layer_12_Attn,Attention_Read,0.7422100033587965,0.7505430838796299,0.0
SemDuplex,1,Layer_12_Attn,KV_Write_Background,0.7422100033587965,0.7422202173958335,-27.0
SemDuplex,1,Layer_12_MLP,MLP_Read,0.7505430838796299,0.809683640027778,27.0
SemDuplex,1,Layer_13_Attn,Attention_Read,0.809683640027778,0.8180167205486114,0.0
SemDuplex,1,Layer_13_Attn,KV_Write_Background,0.809683640027778,0.8096938540648151,-27.0
SemDuplex,1,Layer_13_MLP,MLP_Read,0.8180167205486114,0.8771572766967596,27.0
SemDuplex,1,Layer_14_Attn,Attention_Read,0.8771572766967596,0.885490357217593,0.0
SemDuplex,1,Layer_14_Attn,KV_Write_Background,0.8771572766967596,0.8771674907337966,-27.0
SemDuplex,1,Layer_14_MLP,MLP_Read,0.885490357217593,0.9446309133657411,27.0
SemDuplex,1,Layer_15_Attn,Attention_Read,0.9446309133657411,0.9529639938865745,0.0
SemDuplex,1,Layer_15_Attn,KV_Write_Background,0.9446309133657411,0.9446411274027782,-27.0
SemDuplex,1,Layer_15_MLP,MLP_Read,0.9529639938865745,1.0121045500347225,27.0
SemDuplex,1,Layer_16_Attn,Attention_Read,1.0121045500347225,1.0204376305555558,0.0
SemDuplex,1,Layer_16_Attn,KV_Write_Background,1.0121045500347225,1.0121147640717596,-27.0
SemDuplex,1,Layer_16_MLP,MLP_Read,1.0204376305555558,1.079578186703704,27.0
SemDuplex,1,Layer_17_Attn,Attention_Read,1.079578186703704,1.0879112672245372,0.0
SemDuplex,1,Layer_17_Attn,KV_Write_Background,1.079578186703704,1.079588400740741,-27.0
SemDuplex,1,Layer_17_MLP,MLP_Read,1.0879112672245372,1.1470518233726854,27.0
SemDuplex,1,Layer_18_Attn,Attention_Read,1.1470518233726854,1.1553849038935187,0.0
SemDuplex,1,Layer_18_Attn,KV_Write_Background,1.1470518233726854,1.1470620374097225,-27.0
SemDuplex,1,Layer_18_MLP,MLP_Read,1.1553849038935187,1.2145254600416668,27.0
SemDuplex,1,Layer_19_Attn,Attention_Read,1.2145254600416668,1.2228585405625,0.0
SemDuplex,1,Layer_19_Attn,KV_Write_Background,1.2145254600416668,1.2145356740787039,-27.0
SemDuplex,1,Layer_19_MLP,MLP_Read,1.2228585405625,1.2819990967106483,27.0
SemDuplex,1,Layer_20_Attn,Attention_Read,1.2819990967106483,1.2903321772314815,0.0
SemDuplex,1,Layer_20_Attn,KV_Write_Background,1.2819990967106483,1.2820093107476853,-27.0
SemDuplex,1,Layer_20_MLP,MLP_Read,1.2903321772314815,1.3494727333796297,27.0
SemDuplex,1,Layer_21_Attn,Attention_Read,1.3494727333796297,1.357805813900463,0.0
SemDuplex,1,Layer_21_Attn,KV_Write_Background,1.3494727333796297,1.3494829474166667,-27.0
SemDuplex,1,Layer_21_MLP,MLP_Read,1.357805813900463,1.4169463700486111,27.0
SemDuplex,1,Layer_22_Attn,Attention_Read,1.4169463700486111,1.4252794505694444,0.0
SemDuplex,1,Layer_22_Attn,KV_Write_Background,1.4169463700486111,1.4169565840856482,-27.0
SemDuplex,1,Layer_22_MLP,MLP_Read,1.4252794505694444,1.4844200067175926,27.0
SemDuplex,1,Layer_23_Attn,Attention_Read,1.4844200067175926,1.4927530872384258,0.0
SemDuplex,1,Layer_23_Attn,KV_Write_Background,1.4844200067175926,1.4844302207546296,-27.0
SemDuplex,1,Layer_23_MLP,MLP_Read,1.4927530872384258,1.551893643386574,27.0
SemDuplex,1,Layer_24_Attn,Attention_Read,1.551893643386574,1.5602267239074072,0.0
SemDuplex,1,Layer_24_Attn,KV_Write_Background,1.551893643386574,1.551903857423611,-27.0
SemDuplex,1,Layer_24_MLP,MLP_Read,1.5602267239074072,1.6193672800555554,27.0
SemDuplex,1,Layer_25_Attn,Attention_Read,1.6193672800555554,1.6277003605763887,0.0
SemDuplex,1,Layer_25_Attn,KV_Write_Background,1.6193672800555554,1.6193774940925925,-27.0
SemDuplex,1,Layer_25_MLP,MLP_Read,1.6277003605763887,1.6868409167245368,27.0
SemDuplex,1,Layer_26_Attn,Attention_Read,1.6868409167245368,1.69517399724537,0.0
SemDuplex,1,Layer_26_Attn,KV_Write_Background,1.6868409167245368,1.686851130761574,-27.0
SemDuplex,1,Layer_26_MLP,MLP_Read,1.69517399724537,1.7543145533935183,27.0
SemDuplex,1,Layer_27_Attn,Attention_Read,1.7543145533935183,1.7626476339143515,0.0
SemDuplex,1,Layer_27_Attn,KV_Write_Background,1.7543145533935183,1.7543247674305553,-27.0
SemDuplex,1,Layer_27_MLP,MLP_Read,1.7626476339143515,1.8217881900624997,27.0
SemDuplex,1,Layer_28_Attn,Attention_Read,1.8217881900624997,1.830121270583333,0.0
SemDuplex,1,Layer_28_Attn,KV_Write_Background,1.8217881900624997,1.8217984040995368,-27.0
SemDuplex,1,Layer_28_MLP,MLP_Read,1.830121270583333,1.8892618267314811,27.0
SemDuplex,1,Layer_29_Attn,Attention_Read,1.8892618267314811,1.8975949072523144,0.0
SemDuplex,1,Layer_29_Attn,KV_Write_Background,1.8892618267314811,1.8892720407685182,-27.0
SemDuplex,1,Layer_29_MLP,MLP_Read,1.8975949072523144,1.9567354634004626,27.0
SemDuplex,1,Layer_30_Attn,Attention_Read,1.9567354634004626,1.9650685439212958,0.0
SemDuplex,1,Layer_30_Attn,KV_Write_Background,1.9567354634004626,1.9567456774374996,-27.0
SemDuplex,1,Layer_30_MLP,MLP_Read,1.9650685439212958,2.0242091000694438,27.0
SemDuplex,1,Layer_31_Attn,Attention_Read,2.0242091000694438,2.0325421805902772,0.0
SemDuplex,1,Layer_31_Attn,KV_Write_Background,2.0242091000694438,2.024219314106481,-27.0
SemDuplex,1,Layer_31_MLP,MLP_Read,2.0325421805902772,2.0916827367384254,27.0
SemDuplex,1,Layer_32_Attn,Attention_Read,2.0916827367384254,2.100015817259259,0.0
SemDuplex,1,Layer_32_Attn,KV_Write_Background,2.0916827367384254,2.0916929507754625,-27.0
SemDuplex,1,Layer_32_MLP,MLP_Read,2.100015817259259,2.159156373407407,27.0
SemDuplex,1,Layer_33_Attn,Attention_Read,2.159156373407407,2.1674894539282406,0.0
SemDuplex,1,Layer_33_Attn,KV_Write_Background,2.159156373407407,2.159166587444444,-27.0
SemDuplex,1,Layer_33_MLP,MLP_Read,2.1674894539282406,2.2266300100763887,27.0
SemDuplex,1,Layer_34_Attn,Attention_Read,2.2266300100763887,2.234963090597222,0.0
SemDuplex,1,Layer_34_Attn,KV_Write_Background,2.2266300100763887,2.2266402241134258,-27.0
SemDuplex,1,Layer_34_MLP,MLP_Read,2.234963090597222,2.2941036467453704,27.0
SemDuplex,1,Layer_35_Attn,Attention_Read,2.2941036467453704,2.302436727266204,0.0
SemDuplex,1,Layer_35_Attn,KV_Write_Background,2.2941036467453704,2.2941138607824074,-27.0
SemDuplex,1,Layer_35_MLP,MLP_Read,2.302436727266204,2.361577283414352,27.0
SemDuplex,1,Layer_36_Attn,Attention_Read,2.361577283414352,2.3699103639351855,0.0
SemDuplex,1,Layer_36_Attn,KV_Write_Background,2.361577283414352,2.361587497451389,-27.0
SemDuplex,1,Layer_36_MLP,MLP_Read,2.3699103639351855,2.4290509200833337,27.0
SemDuplex,1,Layer_37_Attn,Attention_Read,2.4290509200833337,2.437384000604167,0.0
SemDuplex,1,Layer_37_Attn,KV_Write_Background,2.4290509200833337,2.4290611341203707,-27.0
SemDuplex,1,Layer_37_MLP,MLP_Read,2.437384000604167,2.4965245567523153,27.0
SemDuplex,1,Layer_38_Attn,Attention_Read,2.4965245567523153,2.504857637273149,0.0
SemDuplex,1,Layer_38_Attn,KV_Write_Background,2.4965245567523153,2.4965347707893524,-27.0
SemDuplex,1,Layer_38_MLP,MLP_Read,2.504857637273149,2.563998193421297,27.0
SemDuplex,1,Layer_39_Attn,Attention_Read,2.563998193421297,2.5723312739421305,0.0
SemDuplex,1,Layer_39_Attn,KV_Write_Background,2.563998193421297,2.564008407458334,-27.0
SemDuplex,1,Layer_39_MLP,MLP_Read,2.5723312739421305,2.6314718300902786,27.0
SemDuplex,1,Layer_40_Attn,Attention_Read,2.6314718300902786,2.639804910611112,0.0
SemDuplex,1,Layer_40_Attn,KV_Write_Background,2.6314718300902786,2.6314820441273157,-27.0
SemDuplex,1,Layer_40_MLP,MLP_Read,2.639804910611112,2.6989454667592603,27.0
SemDuplex,1,Layer_41_Attn,Attention_Read,2.6989454667592603,2.7072785472800938,0.0
SemDuplex,1,Layer_41_Attn,KV_Write_Background,2.6989454667592603,2.6989556807962973,-27.0
SemDuplex,1,Layer_41_MLP,MLP_Read,2.7072785472800938,2.766419103428242,27.0
SemDuplex,1,Layer_42_Attn,Attention_Read,2.766419103428242,2.7747521839490754,0.0
SemDuplex,1,Layer_42_Attn,KV_Write_Background,2.766419103428242,2.766429317465279,-27.0
SemDuplex,1,Layer_42_MLP,MLP_Read,2.7747521839490754,2.8338927400972236,27.0
SemDuplex,1,Layer_43_Attn,Attention_Read,2.8338927400972236,2.842225820618057,0.0
SemDuplex,1,Layer_43_Attn,KV_Write_Background,2.8338927400972236,2.8339029541342606,-27.0
SemDuplex,1,Layer_43_MLP,MLP_Read,2.842225820618057,2.9013663767662052,27.0
SemDuplex,1,Layer_44_Attn,Attention_Read,2.9013663767662052,2.9096994572870387,0.0
SemDuplex,1,Layer_44_Attn,KV_Write_Background,2.9013663767662052,2.9013765908032423,-27.0
SemDuplex,1,Layer_44_MLP,MLP_Read,2.9096994572870387,2.968840013435187,27.0
SemDuplex,1,Layer_45_Attn,Attention_Read,2.968840013435187,2.9771730939560204,0.0
SemDuplex,1,Layer_45_Attn,KV_Write_Background,2.968840013435187,2.968850227472224,-27.0
SemDuplex,1,Layer_45_MLP,MLP_Read,2.9771730939560204,3.0363136501041685,27.0
SemDuplex,1,Layer_46_Attn,Attention_Read,3.0363136501041685,3.044646730625002,0.0
SemDuplex,1,Layer_46_Attn,KV_Write_Background,3.0363136501041685,3.0363238641412056,-27.0
SemDuplex,1,Layer_46_MLP,MLP_Read,3.044646730625002,3.10378728677315,27.0
SemDuplex,1,Layer_47_Attn,Attention_Read,3.10378728677315,3.1121203672939837,0.0
SemDuplex,1,Layer_47_Attn,KV_Write_Background,3.10378728677315,3.1037975008101872,-27.0
SemDuplex,1,Layer_47_MLP,MLP_Read,3.1121203672939837,3.171260923442132,27.0
SemDuplex,1,Layer_48_Attn,Attention_Read,3.171260923442132,3.1795940039629653,0.0
SemDuplex,1,Layer_48_Attn,KV_Write_Background,3.171260923442132,3.171271137479169,-27.0
SemDuplex,1,Layer_48_MLP,MLP_Read,3.1795940039629653,3.2387345601111135,27.0
SemDuplex,1,Layer_49_Attn,Attention_Read,3.2387345601111135,3.247067640631947,0.0
SemDuplex,1,Layer_49_Attn,KV_Write_Background,3.2387345601111135,3.2387447741481505,-27.0
SemDuplex,1,Layer_49_MLP,MLP_Read,3.247067640631947,3.306208196780095,27.0
SemDuplex,1,Layer_50_Attn,Attention_Read,3.306208196780095,3.3145412773009286,0.0
SemDuplex,1,Layer_50_Attn,KV_Write_Background,3.306208196780095,3.306218410817132,-27.0
SemDuplex,1,Layer_50_MLP,MLP_Read,3.3145412773009286,3.373681833449077,27.0
SemDuplex,1,Layer_51_Attn,Attention_Read,3.373681833449077,3.3820149139699103,0.0
SemDuplex,1,Layer_51_Attn,KV_Write_Background,3.373681833449077,3.373692047486114,-27.0
SemDuplex,1,Layer_51_MLP,MLP_Read,3.3820149139699103,3.4411554701180584,27.0
SemDuplex,1,Layer_52_Attn,Attention_Read,3.4411554701180584,3.449488550638892,0.0
SemDuplex,1,Layer_52_Attn,KV_Write_Background,3.4411554701180584,3.4411656841550955,-27.0
SemDuplex,1,Layer_52_MLP,MLP_Read,3.449488550638892,3.50862910678704,27.0
SemDuplex,1,Layer_53_Attn,Attention_Read,3.50862910678704,3.5169621873078736,0.0
SemDuplex,1,Layer_53_Attn,KV_Write_Background,3.50862910678704,3.508639320824077,-27.0
SemDuplex,1,Layer_53_MLP,MLP_Read,3.5169621873078736,3.5761027434560217,27.0
SemDuplex,1,Layer_54_Attn,Attention_Read,3.5761027434560217,3.5844358239768552,0.0
SemDuplex,1,Layer_54_Attn,KV_Write_Background,3.5761027434560217,3.576112957493059,-27.0
SemDuplex,1,Layer_54_MLP,MLP_Read,3.5844358239768552,3.6435763801250034,27.0
SemDuplex,1,Layer_55_Attn,Attention_Read,3.6435763801250034,3.651909460645837,0.0
SemDuplex,1,Layer_55_Attn,KV_Write_Background,3.6435763801250034,3.6435865941620404,-27.0
SemDuplex,1,Layer_55_MLP,MLP_Read,3.651909460645837,3.711050016793985,27.0
SemDuplex,1,Layer_56_Attn,Attention_Read,3.711050016793985,3.7193830973148185,0.0
SemDuplex,1,Layer_56_Attn,KV_Write_Background,3.711050016793985,3.711060230831022,-27.0
SemDuplex,1,Layer_56_MLP,MLP_Read,3.7193830973148185,3.7785236534629667,27.0
SemDuplex,1,Layer_57_Attn,Attention_Read,3.7785236534629667,3.7868567339838,0.0
SemDuplex,1,Layer_57_Attn,KV_Write_Background,3.7785236534629667,3.7785338675000038,-27.0
SemDuplex,1,Layer_57_MLP,MLP_Read,3.7868567339838,3.8459972901319484,27.0
SemDuplex,1,Layer_58_Attn,Attention_Read,3.8459972901319484,3.854330370652782,0.0
SemDuplex,1,Layer_58_Attn,KV_Write_Background,3.8459972901319484,3.8460075041689854,-27.0
SemDuplex,1,Layer_58_MLP,MLP_Read,3.854330370652782,3.91347092680093,27.0
SemDuplex,1,Layer_59_Attn,Attention_Read,3.91347092680093,3.9218040073217635,0.0
SemDuplex,1,Layer_59_Attn,KV_Write_Background,3.91347092680093,3.913481140837967,-27.0
SemDuplex,1,Layer_59_MLP,MLP_Read,3.9218040073217635,3.9809445634699117,27.0
SemDuplex,1,Layer_60_Attn,Attention_Read,3.9809445634699117,3.989277643990745,0.0
SemDuplex,1,Layer_60_Attn,KV_Write_Background,3.9809445634699117,3.9809547775069487,-27.0
SemDuplex,1,Layer_60_MLP,MLP_Read,3.989277643990745,4.048418200138893,27.0
SemDuplex,1,Layer_61_Attn,Attention_Read,4.048418200138893,4.056751280659726,0.0
SemDuplex,1,Layer_61_Attn,KV_Write_Background,4.048418200138893,4.0484284141759295,-27.0
SemDuplex,1,Layer_61_MLP,MLP_Read,4.056751280659726,4.115891836807874,27.0
SemDuplex,1,Layer_62_Attn,Attention_Read,4.115891836807874,4.124224917328707,0.0
SemDuplex,1,Layer_62_Attn,KV_Write_Background,4.115891836807874,4.115902050844911,-27.0
SemDuplex,1,Layer_62_MLP,MLP_Read,4.124224917328707,4.183365473476855,27.0
SemDuplex,1,Layer_63_Attn,Attention_Read,4.183365473476855,4.191698553997688,0.0
SemDuplex,1,Layer_63_Attn,KV_Write_Background,4.183365473476855,4.183375687513892,-27.0
SemDuplex,1,Layer_63_MLP,MLP_Read,4.191698553997688,4.2508391101458365,27.0
SemDuplex,1,Layer_64_Attn,Attention_Read,4.2508391101458365,4.2591721906666695,0.0
SemDuplex,1,Layer_64_Attn,KV_Write_Background,4.2508391101458365,4.250849324182873,-27.0
SemDuplex,1,Layer_64_MLP,MLP_Read,4.2591721906666695,4.318312746814818,27.0
SemDuplex,1,Layer_65_Attn,Attention_Read,4.318312746814818,4.326645827335651,0.0
SemDuplex,1,Layer_65_Attn,KV_Write_Background,4.318312746814818,4.318322960851854,-27.0
SemDuplex,1,Layer_65_MLP,MLP_Read,4.326645827335651,4.385786383483799,27.0
SemDuplex,1,Layer_66_Attn,Attention_Read,4.385786383483799,4.394119464004632,0.0
SemDuplex,1,Layer_66_Attn,KV_Write_Background,4.385786383483799,4.3857965975208355,-27.0
SemDuplex,1,Layer_66_MLP,MLP_Read,4.394119464004632,4.45326002015278,27.0
SemDuplex,1,Layer_67_Attn,Attention_Read,4.45326002015278,4.461593100673613,0.0
SemDuplex,1,Layer_67_Attn,KV_Write_Background,4.45326002015278,4.453270234189817,-27.0
SemDuplex,1,Layer_67_MLP,MLP_Read,4.461593100673613,4.520733656821761,27.0
SemDuplex,1,Layer_68_Attn,Attention_Read,4.520733656821761,4.529066737342594,0.0
SemDuplex,1,Layer_68_Attn,KV_Write_Background,4.520733656821761,4.520743870858798,-27.0
SemDuplex,1,Layer_68_MLP,MLP_Read,4.529066737342594,4.5882072934907425,27.0
SemDuplex,1,Layer_69_Attn,Attention_Read,4.5882072934907425,4.596540374011576,0.0
SemDuplex,1,Layer_69_Attn,KV_Write_Background,4.5882072934907425,4.588217507527779,-27.0
SemDuplex,1,Layer_69_MLP,MLP_Read,4.596540374011576,4.655680930159724,27.0
SemDuplex,1,Layer_70_Attn,Attention_Read,4.655680930159724,4.664014010680557,0.0
SemDuplex,1,Layer_70_Attn,KV_Write_Background,4.655680930159724,4.65569114419676,-27.0
SemDuplex,1,Layer_70_MLP,MLP_Read,4.664014010680557,4.723154566828705,27.0
SemDuplex,1,Layer_71_Attn,Attention_Read,4.723154566828705,4.731487647349538,0.0
SemDuplex,1,Layer_71_Attn,KV_Write_Background,4.723154566828705,4.7231647808657415,-27.0
SemDuplex,1,Layer_71_MLP,MLP_Read,4.731487647349538,4.790628203497686,27.0
SemDuplex,1,Layer_72_Attn,Attention_Read,4.790628203497686,4.798961284018519,0.0
SemDuplex,1,Layer_72_Attn,KV_Write_Background,4.790628203497686,4.790638417534723,-27.0
SemDuplex,1,Layer_72_MLP,MLP_Read,4.798961284018519,4.858101840166667,27.0
SemDuplex,1,Layer_73_Attn,Attention_Read,4.858101840166667,4.8664349206875,0.0
SemDuplex,1,Layer_73_Attn,KV_Write_Background,4.858101840166667,4.858112054203704,-27.0
SemDuplex,1,Layer_73_MLP,MLP_Read,4.8664349206875,4.925575476835649,27.0
SemDuplex,1,Layer_74_Attn,Attention_Read,4.925575476835649,4.933908557356482,0.0
SemDuplex,1,Layer_74_Attn,KV_Write_Background,4.925575476835649,4.925585690872685,-27.0
SemDuplex,1,Layer_74_MLP,MLP_Read,4.933908557356482,4.99304911350463,27.0
SemDuplex,1,Layer_75_Attn,Attention_Read,4.99304911350463,5.001382194025463,0.0
SemDuplex,1,Layer_75_Attn,KV_Write_Background,4.99304911350463,4.993059327541666,-27.0
SemDuplex,1,Layer_75_MLP,MLP_Read,5.001382194025463,5.060522750173611,27.0
SemDuplex,1,Layer_76_Attn,Attention_Read,5.060522750173611,5.068855830694444,0.0
SemDuplex,1,Layer_76_Attn,KV_Write_Background,5.060522750173611,5.060532964210648,-27.0
SemDuplex,1,Layer_76_MLP,MLP_Read,5.068855830694444,5.127996386842592,27.0
SemDuplex,1,Layer_77_Attn,Attention_Read,5.127996386842592,5.136329467363425,0.0
SemDuplex,1,Layer_77_Attn,KV_Write_Background,5.127996386842592,5.128006600879629,-27.0
SemDuplex,1,Layer_77_MLP,MLP_Read,5.136329467363425,5.195470023511573,27.0
SemDuplex,1,Layer_78_Attn,Attention_Read,5.195470023511573,5.203803104032406,0.0
SemDuplex,1,Layer_78_Attn,KV_Write_Background,5.195470023511573,5.19548023754861,-27.0
SemDuplex,1,Layer_78_MLP,MLP_Read,5.203803104032406,5.262943660180555,27.0
SemDuplex,1,Layer_79_Attn,Attention_Read,5.262943660180555,5.271276740701388,0.0
SemDuplex,1,Layer_79_Attn,KV_Write_Background,5.262943660180555,5.262953874217591,-27.0
SemDuplex,1,Layer_79_MLP,MLP_Read,5.271276740701388,5.330417296849536,27.0
SemDuplex,1,Layer_80_Attn,Attention_Read,5.330417296849536,5.338750377370369,0.0
SemDuplex,1,Layer_80_Attn,KV_Write_Background,5.330417296849536,5.330427510886572,-27.0
SemDuplex,1,Layer_80_MLP,MLP_Read,5.338750377370369,5.397890933518517,27.0
SemDuplex,2,Layer_1_Attn,Attention_Read,5.397890933518517,5.40622401403935,0.0
SemDuplex,2,Layer_1_Attn,KV_Write_Background,5.397890933518517,5.397901147555554,-27.0
SemDuplex,2,Layer_1_MLP,MLP_Read,5.40622401403935,5.465364570187498,27.0
SemDuplex,2,Layer_2_Attn,Attention_Read,5.465364570187498,5.473697650708331,0.0
SemDuplex,2,Layer_2_Attn,KV_Write_Background,5.465364570187498,5.465374784224535,-27.0
SemDuplex,2,Layer_2_MLP,MLP_Read,5.473697650708331,5.532838206856479,27.0
SemDuplex,2,Layer_3_Attn,Attention_Read,5.532838206856479,5.5411712873773125,0.0
SemDuplex,2,Layer_3_Attn,KV_Write_Background,5.532838206856479,5.532848420893516,-27.0
SemDuplex,2,Layer_3_MLP,MLP_Read,5.5411712873773125,5.600311843525461,27.0
SemDuplex,2,Layer_4_Attn,Attention_Read,5.600311843525461,5.608644924046294,0.0
SemDuplex,2,Layer_4_Attn,KV_Write_Background,5.600311843525461,5.600322057562497,-27.0
SemDuplex,2,Layer_4_MLP,MLP_Read,5.608644924046294,5.667785480194442,27.0
SemDuplex,2,Layer_5_Attn,Attention_Read,5.667785480194442,5.676118560715275,0.0
SemDuplex,2,Layer_5_Attn,KV_Write_Background,5.667785480194442,5.667795694231478,-27.0
SemDuplex,2,Layer_5_MLP,MLP_Read,5.676118560715275,5.735259116863423,27.0
SemDuplex,2,Layer_6_Attn,Attention_Read,5.735259116863423,5.743592197384256,0.0
SemDuplex,2,Layer_6_Attn,KV_Write_Background,5.735259116863423,5.73526933090046,-27.0
SemDuplex,2,Layer_6_MLP,MLP_Read,5.743592197384256,5.802732753532404,27.0
SemDuplex,2,Layer_7_Attn,Attention_Read,5.802732753532404,5.811065834053237,0.0
SemDuplex,2,Layer_7_Attn,KV_Write_Background,5.802732753532404,5.802742967569441,-27.0
SemDuplex,2,Layer_7_MLP,MLP_Read,5.811065834053237,5.8702063902013855,27.0
SemDuplex,2,Layer_8_Attn,Attention_Read,5.8702063902013855,5.8785394707222185,0.0
SemDuplex,2,Layer_8_Attn,KV_Write_Background,5.8702063902013855,5.870216604238422,-27.0
SemDuplex,2,Layer_8_MLP,MLP_Read,5.8785394707222185,5.937680026870367,27.0
SemDuplex,2,Layer_9_Attn,Attention_Read,5.937680026870367,5.9460131073912,0.0
SemDuplex,2,Layer_9_Attn,KV_Write_Background,5.937680026870367,5.937690240907403,-27.0
SemDuplex,2,Layer_9_MLP,MLP_Read,5.9460131073912,6.005153663539348,27.0
SemDuplex,2,Layer_10_Attn,Attention_Read,6.005153663539348,6.013486744060181,0.0
SemDuplex,2,Layer_10_Attn,KV_Write_Background,6.005153663539348,6.0051638775763845,-27.0
SemDuplex,2,Layer_10_MLP,MLP_Read,6.013486744060181,6.072627300208329,27.0
SemDuplex,2,Layer_11_Attn,Attention_Read,6.072627300208329,6.080960380729162,0.0
SemDuplex,2,Layer_11_Attn,KV_Write_Background,6.072627300208329,6.072637514245366,-27.0
SemDuplex,2,Layer_11_MLP,MLP_Read,6.080960380729162,6.14010093687731,27.0
SemDuplex,2,Layer_12_Attn,Attention_Read,6.14010093687731,6.148434017398143,0.0
SemDuplex,2,Layer_12_Attn,KV_Write_Background,6.14010093687731,6.140111150914347,-27.0
SemDuplex,2,Layer_12_MLP,MLP_Read,6.148434017398143,6.2075745735462915,27.0
SemDuplex,2,Layer_13_Attn,Attention_Read,6.2075745735462915,6.2159076540671245,0.0
SemDuplex,2,Layer_13_Attn,KV_Write_Background,6.2075745735462915,6.207584787583328,-27.0
SemDuplex,2,Layer_13_MLP,MLP_Read,6.2159076540671245,6.275048210215273,27.0
SemDuplex,2,Layer_14_Attn,Attention_Read,6.275048210215273,6.283381290736106,0.0
SemDuplex,2,Layer_14_Attn,KV_Write_Background,6.275048210215273,6.275058424252309,-27.0
SemDuplex,2,Layer_14_MLP,MLP_Read,6.283381290736106,6.342521846884254,27.0
SemDuplex,2,Layer_15_Attn,Attention_Read,6.342521846884254,6.350854927405087,0.0
SemDuplex,2,Layer_15_Attn,KV_Write_Background,6.342521846884254,6.3425320609212905,-27.0
SemDuplex,2,Layer_15_MLP,MLP_Read,6.350854927405087,6.409995483553235,27.0
SemDuplex,2,Layer_16_Attn,Attention_Read,6.409995483553235,6.418328564074068,0.0
SemDuplex,2,Layer_16_Attn,KV_Write_Background,6.409995483553235,6.410005697590272,-27.0
SemDuplex,2,Layer_16_MLP,MLP_Read,6.418328564074068,6.477469120222216,27.0
SemDuplex,2,Layer_17_Attn,Attention_Read,6.477469120222216,6.485802200743049,0.0
SemDuplex,2,Layer_17_Attn,KV_Write_Background,6.477469120222216,6.477479334259253,-27.0
SemDuplex,2,Layer_17_MLP,MLP_Read,6.485802200743049,6.5449427568911975,27.0
SemDuplex,2,Layer_18_Attn,Attention_Read,6.5449427568911975,6.553275837412031,0.0
SemDuplex,2,Layer_18_Attn,KV_Write_Background,6.5449427568911975,6.544952970928234,-27.0
SemDuplex,2,Layer_18_MLP,MLP_Read,6.553275837412031,6.612416393560179,27.0
SemDuplex,2,Layer_19_Attn,Attention_Read,6.612416393560179,6.620749474081012,0.0
SemDuplex,2,Layer_19_Attn,KV_Write_Background,6.612416393560179,6.612426607597215,-27.0
SemDuplex,2,Layer_19_MLP,MLP_Read,6.620749474081012,6.67989003022916,27.0
SemDuplex,2,Layer_20_Attn,Attention_Read,6.67989003022916,6.688223110749993,0.0
SemDuplex,2,Layer_20_Attn,KV_Write_Background,6.67989003022916,6.6799002442661966,-27.0
SemDuplex,2,Layer_20_MLP,MLP_Read,6.688223110749993,6.747363666898141,27.0
SemDuplex,2,Layer_21_Attn,Attention_Read,6.747363666898141,6.755696747418974,0.0
SemDuplex,2,Layer_21_Attn,KV_Write_Background,6.747363666898141,6.747373880935178,-27.0
SemDuplex,2,Layer_21_MLP,MLP_Read,6.755696747418974,6.814837303567122,27.0
SemDuplex,2,Layer_22_Attn,Attention_Read,6.814837303567122,6.823170384087955,0.0
SemDuplex,2,Layer_22_Attn,KV_Write_Background,6.814837303567122,6.814847517604159,-27.0
SemDuplex,2,Layer_22_MLP,MLP_Read,6.823170384087955,6.882310940236104,27.0
SemDuplex,2,Layer_23_Attn,Attention_Read,6.882310940236104,6.890644020756937,0.0
SemDuplex,2,Layer_23_Attn,KV_Write_Background,6.882310940236104,6.88232115427314,-27.0
SemDuplex,2,Layer_23_MLP,MLP_Read,6.890644020756937,6.949784576905085,27.0
SemDuplex,2,Layer_24_Attn,Attention_Read,6.949784576905085,6.958117657425918,0.0
SemDuplex,2,Layer_24_Attn,KV_Write_Background,6.949784576905085,6.949794790942121,-27.0
SemDuplex,2,Layer_24_MLP,MLP_Read,6.958117657425918,7.017258213574066,27.0
SemDuplex,2,Layer_25_Attn,Attention_Read,7.017258213574066,7.025591294094899,0.0
SemDuplex,2,Layer_25_Attn,KV_Write_Background,7.017258213574066,7.017268427611103,-27.0
SemDuplex,2,Layer_25_MLP,MLP_Read,7.025591294094899,7.084731850243047,27.0
SemDuplex,2,Layer_26_Attn,Attention_Read,7.084731850243047,7.09306493076388,0.0
SemDuplex,2,Layer_26_Attn,KV_Write_Background,7.084731850243047,7.084742064280084,-27.0
SemDuplex,2,Layer_26_MLP,MLP_Read,7.09306493076388,7.152205486912028,27.0
SemDuplex,2,Layer_27_Attn,Attention_Read,7.152205486912028,7.160538567432861,0.0
SemDuplex,2,Layer_27_Attn,KV_Write_Background,7.152205486912028,7.152215700949065,-27.0
SemDuplex,2,Layer_27_MLP,MLP_Read,7.160538567432861,7.21967912358101,27.0
SemDuplex,2,Layer_28_Attn,Attention_Read,7.21967912358101,7.228012204101843,0.0
SemDuplex,2,Layer_28_Attn,KV_Write_Background,7.21967912358101,7.219689337618046,-27.0
SemDuplex,2,Layer_28_MLP,MLP_Read,7.228012204101843,7.287152760249991,27.0
SemDuplex,2,Layer_29_Attn,Attention_Read,7.287152760249991,7.295485840770824,0.0
SemDuplex,2,Layer_29_Attn,KV_Write_Background,7.287152760249991,7.287162974287027,-27.0
SemDuplex,2,Layer_29_MLP,MLP_Read,7.295485840770824,7.354626396918972,27.0
SemDuplex,2,Layer_30_Attn,Attention_Read,7.354626396918972,7.362959477439805,0.0
SemDuplex,2,Layer_30_Attn,KV_Write_Background,7.354626396918972,7.354636610956009,-27.0
SemDuplex,2,Layer_30_MLP,MLP_Read,7.362959477439805,7.422100033587953,27.0
SemDuplex,2,Layer_31_Attn,Attention_Read,7.422100033587953,7.430433114108786,0.0
SemDuplex,2,Layer_31_Attn,KV_Write_Background,7.422100033587953,7.42211024762499,-27.0
SemDuplex,2,Layer_31_MLP,MLP_Read,7.430433114108786,7.489573670256934,27.0
SemDuplex,2,Layer_32_Attn,Attention_Read,7.489573670256934,7.4979067507777675,0.0
SemDuplex,2,Layer_32_Attn,KV_Write_Background,7.489573670256934,7.489583884293971,-27.0
SemDuplex,2,Layer_32_MLP,MLP_Read,7.4979067507777675,7.557047306925916,27.0
SemDuplex,2,Layer_33_Attn,Attention_Read,7.557047306925916,7.565380387446749,0.0
SemDuplex,2,Layer_33_Attn,KV_Write_Background,7.557047306925916,7.557057520962952,-27.0
SemDuplex,2,Layer_33_MLP,MLP_Read,7.565380387446749,7.624520943594897,27.0
SemDuplex,2,Layer_34_Attn,Attention_Read,7.624520943594897,7.63285402411573,0.0
SemDuplex,2,Layer_34_Attn,KV_Write_Background,7.624520943594897,7.6245311576319335,-27.0
SemDuplex,2,Layer_34_MLP,MLP_Read,7.63285402411573,7.691994580263878,27.0
SemDuplex,2,Layer_35_Attn,Attention_Read,7.691994580263878,7.700327660784711,0.0
SemDuplex,2,Layer_35_Attn,KV_Write_Background,7.691994580263878,7.692004794300915,-27.0
SemDuplex,2,Layer_35_MLP,MLP_Read,7.700327660784711,7.759468216932859,27.0
SemDuplex,2,Layer_36_Attn,Attention_Read,7.759468216932859,7.767801297453692,0.0
SemDuplex,2,Layer_36_Attn,KV_Write_Background,7.759468216932859,7.759478430969896,-27.0
SemDuplex,2,Layer_36_MLP,MLP_Read,7.767801297453692,7.8269418536018405,27.0
SemDuplex,2,Layer_37_Attn,Attention_Read,7.8269418536018405,7.8352749341226735,0.0
SemDuplex,2,Layer_37_Attn,KV_Write_Background,7.8269418536018405,7.826952067638877,-27.0
SemDuplex,2,Layer_37_MLP,MLP_Read,7.8352749341226735,7.894415490270822,27.0
SemDuplex,2,Layer_38_Attn,Attention_Read,7.894415490270822,7.902748570791655,0.0
SemDuplex,2,Layer_38_Attn,KV_Write_Background,7.894415490270822,7.894425704307858,-27.0
SemDuplex,2,Layer_38_MLP,MLP_Read,7.902748570791655,7.961889126939803,27.0
SemDuplex,2,Layer_39_Attn,Attention_Read,7.961889126939803,7.970222207460636,0.0
SemDuplex,2,Layer_39_Attn,KV_Write_Background,7.961889126939803,7.9618993409768395,-27.0
SemDuplex,2,Layer_39_MLP,MLP_Read,7.970222207460636,8.029362763608784,27.0
SemDuplex,2,Layer_40_Attn,Attention_Read,8.029362763608784,8.037695844129617,0.0
SemDuplex,2,Layer_40_Attn,KV_Write_Background,8.029362763608784,8.02937297764582,-27.0
SemDuplex,2,Layer_40_MLP,MLP_Read,8.037695844129617,8.096836400277764,27.0
SemDuplex,2,Layer_41_Attn,Attention_Read,8.096836400277764,8.105169480798597,0.0
SemDuplex,2,Layer_41_Attn,KV_Write_Background,8.096836400277764,8.096846614314801,-27.0
SemDuplex,2,Layer_41_MLP,MLP_Read,8.105169480798597,8.164310036946745,27.0
SemDuplex,2,Layer_42_Attn,Attention_Read,8.164310036946745,8.172643117467578,0.0
SemDuplex,2,Layer_42_Attn,KV_Write_Background,8.164310036946745,8.164320250983781,-27.0
SemDuplex,2,Layer_42_MLP,MLP_Read,8.172643117467578,8.231783673615725,27.0
SemDuplex,2,Layer_43_Attn,Attention_Read,8.231783673615725,8.240116754136558,0.0
SemDuplex,2,Layer_43_Attn,KV_Write_Background,8.231783673615725,8.231793887652762,-27.0
SemDuplex,2,Layer_43_MLP,MLP_Read,8.240116754136558,8.299257310284705,27.0
SemDuplex,2,Layer_44_Attn,Attention_Read,8.299257310284705,8.307590390805538,0.0
SemDuplex,2,Layer_44_Attn,KV_Write_Background,8.299257310284705,8.299267524321742,-27.0
SemDuplex,2,Layer_44_MLP,MLP_Read,8.307590390805538,8.366730946953686,27.0
SemDuplex,2,Layer_45_Attn,Attention_Read,8.366730946953686,8.375064027474519,0.0
SemDuplex,2,Layer_45_Attn,KV_Write_Background,8.366730946953686,8.366741160990722,-27.0
SemDuplex,2,Layer_45_MLP,MLP_Read,8.375064027474519,8.434204583622666,27.0
SemDuplex,2,Layer_46_Attn,Attention_Read,8.434204583622666,8.442537664143499,0.0
SemDuplex,2,Layer_46_Attn,KV_Write_Background,8.434204583622666,8.434214797659703,-27.0
SemDuplex,2,Layer_46_MLP,MLP_Read,8.442537664143499,8.501678220291646,27.0
SemDuplex,2,Layer_47_Attn,Attention_Read,8.501678220291646,8.51001130081248,0.0
SemDuplex,2,Layer_47_Attn,KV_Write_Background,8.501678220291646,8.501688434328683,-27.0
SemDuplex,2,Layer_47_MLP,MLP_Read,8.51001130081248,8.569151856960627,27.0
SemDuplex,2,Layer_48_Attn,Attention_Read,8.569151856960627,8.57748493748146,0.0
SemDuplex,2,Layer_48_Attn,KV_Write_Background,8.569151856960627,8.569162070997663,-27.0
SemDuplex,2,Layer_48_MLP,MLP_Read,8.57748493748146,8.636625493629607,27.0
SemDuplex,2,Layer_49_Attn,Attention_Read,8.636625493629607,8.64495857415044,0.0
SemDuplex,2,Layer_49_Attn,KV_Write_Background,8.636625493629607,8.636635707666644,-27.0
SemDuplex,2,Layer_49_MLP,MLP_Read,8.64495857415044,8.704099130298587,27.0
SemDuplex,2,Layer_50_Attn,Attention_Read,8.704099130298587,8.71243221081942,0.0
SemDuplex,2,Layer_50_Attn,KV_Write_Background,8.704099130298587,8.704109344335624,-27.0
SemDuplex,2,Layer_50_MLP,MLP_Read,8.71243221081942,8.771572766967568,27.0
SemDuplex,2,Layer_51_Attn,Attention_Read,8.771572766967568,8.7799058474884,0.0
SemDuplex,2,Layer_51_Attn,KV_Write_Background,8.771572766967568,8.771582981004604,-27.0
SemDuplex,2,Layer_51_MLP,MLP_Read,8.7799058474884,8.839046403636548,27.0
SemDuplex,2,Layer_52_Attn,Attention_Read,8.839046403636548,8.847379484157381,0.0
SemDuplex,2,Layer_52_Attn,KV_Write_Background,8.839046403636548,8.839056617673585,-27.0
SemDuplex,2,Layer_52_MLP,MLP_Read,8.847379484157381,8.906520040305528,27.0
SemDuplex,2,Layer_53_Attn,Attention_Read,8.906520040305528,8.914853120826361,0.0
SemDuplex,2,Layer_53_Attn,KV_Write_Background,8.906520040305528,8.906530254342565,-27.0
SemDuplex,2,Layer_53_MLP,MLP_Read,8.914853120826361,8.973993676974509,27.0
SemDuplex,2,Layer_54_Attn,Attention_Read,8.973993676974509,8.982326757495342,0.0
SemDuplex,2,Layer_54_Attn,KV_Write_Background,8.973993676974509,8.974003891011545,-27.0
SemDuplex,2,Layer_54_MLP,MLP_Read,8.982326757495342,9.041467313643489,27.0
SemDuplex,2,Layer_55_Attn,Attention_Read,9.041467313643489,9.049800394164322,0.0
SemDuplex,2,Layer_55_Attn,KV_Write_Background,9.041467313643489,9.041477527680525,-27.0
SemDuplex,2,Layer_55_MLP,MLP_Read,9.049800394164322,9.10894095031247,27.0
SemDuplex,2,Layer_56_Attn,Attention_Read,9.10894095031247,9.117274030833302,0.0
SemDuplex,2,Layer_56_Attn,KV_Write_Background,9.10894095031247,9.108951164349506,-27.0
SemDuplex,2,Layer_56_MLP,MLP_Read,9.117274030833302,9.17641458698145,27.0
SemDuplex,2,Layer_57_Attn,Attention_Read,9.17641458698145,9.184747667502283,0.0
SemDuplex,2,Layer_57_Attn,KV_Write_Background,9.17641458698145,9.176424801018486,-27.0
SemDuplex,2,Layer_57_MLP,MLP_Read,9.184747667502283,9.24388822365043,27.0
SemDuplex,2,Layer_58_Attn,Attention_Read,9.24388822365043,9.252221304171263,0.0
SemDuplex,2,Layer_58_Attn,KV_Write_Background,9.24388822365043,9.243898437687466,-27.0
SemDuplex,2,Layer_58_MLP,MLP_Read,9.252221304171263,9.31136186031941,27.0
SemDuplex,2,Layer_59_Attn,Attention_Read,9.31136186031941,9.319694940840243,0.0
SemDuplex,2,Layer_59_Attn,KV_Write_Background,9.31136186031941,9.311372074356447,-27.0
SemDuplex,2,Layer_59_MLP,MLP_Read,9.319694940840243,9.37883549698839,27.0
SemDuplex,2,Layer_60_Attn,Attention_Read,9.37883549698839,9.387168577509224,0.0
SemDuplex,2,Layer_60_Attn,KV_Write_Background,9.37883549698839,9.378845711025427,-27.0
SemDuplex,2,Layer_60_MLP,MLP_Read,9.387168577509224,9.44630913365737,27.0
SemDuplex,2,Layer_61_Attn,Attention_Read,9.44630913365737,9.454642214178204,0.0
SemDuplex,2,Layer_61_Attn,KV_Write_Background,9.44630913365737,9.446319347694407,-27.0
SemDuplex,2,Layer_61_MLP,MLP_Read,9.454642214178204,9.513782770326351,27.0
SemDuplex,2,Layer_62_Attn,Attention_Read,9.513782770326351,9.522115850847184,0.0
SemDuplex,2,Layer_62_Attn,KV_Write_Background,9.513782770326351,9.513792984363388,-27.0
SemDuplex,2,Layer_62_MLP,MLP_Read,9.522115850847184,9.581256406995331,27.0
SemDuplex,2,Layer_63_Attn,Attention_Read,9.581256406995331,9.589589487516164,0.0
SemDuplex,2,Layer_63_Attn,KV_Write_Background,9.581256406995331,9.581266621032368,-27.0
SemDuplex,2,Layer_63_MLP,MLP_Read,9.589589487516164,9.648730043664312,27.0
SemDuplex,2,Layer_64_Attn,Attention_Read,9.648730043664312,9.657063124185145,0.0
SemDuplex,2,Layer_64_Attn,KV_Write_Background,9.648730043664312,9.648740257701348,-27.0
SemDuplex,2,Layer_64_MLP,MLP_Read,9.657063124185145,9.716203680333292,27.0
SemDuplex,2,Layer_65_Attn,Attention_Read,9.716203680333292,9.724536760854125,0.0
SemDuplex,2,Layer_65_Attn,KV_Write_Background,9.716203680333292,9.716213894370329,-27.0
SemDuplex,2,Layer_65_MLP,MLP_Read,9.724536760854125,9.783677317002272,27.0
SemDuplex,2,Layer_66_Attn,Attention_Read,9.783677317002272,9.792010397523105,0.0
SemDuplex,2,Layer_66_Attn,KV_Write_Background,9.783677317002272,9.783687531039309,-27.0
SemDuplex,2,Layer_66_MLP,MLP_Read,9.792010397523105,9.851150953671253,27.0
SemDuplex,2,Layer_67_Attn,Attention_Read,9.851150953671253,9.859484034192086,0.0
SemDuplex,2,Layer_67_Attn,KV_Write_Background,9.851150953671253,9.85116116770829,-27.0
SemDuplex,2,Layer_67_MLP,MLP_Read,9.859484034192086,9.918624590340233,27.0
SemDuplex,2,Layer_68_Attn,Attention_Read,9.918624590340233,9.926957670861066,0.0
SemDuplex,2,Layer_68_Attn,KV_Write_Background,9.918624590340233,9.91863480437727,-27.0
SemDuplex,2,Layer_68_MLP,MLP_Read,9.926957670861066,9.986098227009213,27.0
SemDuplex,2,Layer_69_Attn,Attention_Read,9.986098227009213,9.994431307530046,0.0
SemDuplex,2,Layer_69_Attn,KV_Write_Background,9.986098227009213,9.98610844104625,-27.0
SemDuplex,2,Layer_69_MLP,MLP_Read,9.994431307530046,10.053571863678194,27.0
SemDuplex,2,Layer_70_Attn,Attention_Read,10.053571863678194,10.061904944199027,0.0
SemDuplex,2,Layer_70_Attn,KV_Write_Background,10.053571863678194,10.05358207771523,-27.0
SemDuplex,2,Layer_70_MLP,MLP_Read,10.061904944199027,10.121045500347174,27.0
SemDuplex,2,Layer_71_Attn,Attention_Read,10.121045500347174,10.129378580868007,0.0
SemDuplex,2,Layer_71_Attn,KV_Write_Background,10.121045500347174,10.12105571438421,-27.0
SemDuplex,2,Layer_71_MLP,MLP_Read,10.129378580868007,10.188519137016154,27.0
SemDuplex,2,Layer_72_Attn,Attention_Read,10.188519137016154,10.196852217536987,0.0
SemDuplex,2,Layer_72_Attn,KV_Write_Background,10.188519137016154,10.188529351053191,-27.0
SemDuplex,2,Layer_72_MLP,MLP_Read,10.196852217536987,10.255992773685135,27.0
SemDuplex,2,Layer_73_Attn,Attention_Read,10.255992773685135,10.264325854205968,0.0
SemDuplex,2,Layer_73_Attn,KV_Write_Background,10.255992773685135,10.256002987722171,-27.0
SemDuplex,2,Layer_73_MLP,MLP_Read,10.264325854205968,10.323466410354115,27.0
SemDuplex,2,Layer_74_Attn,Attention_Read,10.323466410354115,10.331799490874948,0.0
SemDuplex,2,Layer_74_Attn,KV_Write_Background,10.323466410354115,10.323476624391152,-27.0
SemDuplex,2,Layer_74_MLP,MLP_Read,10.331799490874948,10.390940047023095,27.0
SemDuplex,2,Layer_75_Attn,Attention_Read,10.390940047023095,10.399273127543928,0.0
SemDuplex,2,Layer_75_Attn,KV_Write_Background,10.390940047023095,10.390950261060132,-27.0
SemDuplex,2,Layer_75_MLP,MLP_Read,10.399273127543928,10.458413683692076,27.0
SemDuplex,2,Layer_76_Attn,Attention_Read,10.458413683692076,10.466746764212909,0.0
SemDuplex,2,Layer_76_Attn,KV_Write_Background,10.458413683692076,10.458423897729112,-27.0
SemDuplex,2,Layer_76_MLP,MLP_Read,10.466746764212909,10.525887320361056,27.0
SemDuplex,2,Layer_77_Attn,Attention_Read,10.525887320361056,10.534220400881889,0.0
SemDuplex,2,Layer_77_Attn,KV_Write_Background,10.525887320361056,10.525897534398093,-27.0
SemDuplex,2,Layer_77_MLP,MLP_Read,10.534220400881889,10.593360957030036,27.0
SemDuplex,2,Layer_78_Attn,Attention_Read,10.593360957030036,10.60169403755087,0.0
SemDuplex,2,Layer_78_Attn,KV_Write_Background,10.593360957030036,10.593371171067073,-27.0
SemDuplex,2,Layer_78_MLP,MLP_Read,10.60169403755087,10.660834593699017,27.0
SemDuplex,2,Layer_79_Attn,Attention_Read,10.660834593699017,10.66916767421985,0.0
SemDuplex,2,Layer_79_Attn,KV_Write_Background,10.660834593699017,10.660844807736053,-27.0
SemDuplex,2,Layer_79_MLP,MLP_Read,10.66916767421985,10.728308230367997,27.0
SemDuplex,2,Layer_80_Attn,Attention_Read,10.728308230367997,10.73664131088883,0.0
SemDuplex,2,Layer_80_Attn,KV_Write_Background,10.728308230367997,10.728318444405033,-27.0
SemDuplex,2,Layer_80_MLP,MLP_Read,10.73664131088883,10.795781867036977,27.0
SemDuplex,3,Layer_1_Attn,Attention_Read,10.795781867036977,10.80411494755781,0.0
SemDuplex,3,Layer_1_Attn,KV_Write_Background,10.795781867036977,10.795792081074014,-27.0
SemDuplex,3,Layer_1_MLP,MLP_Read,10.80411494755781,10.863255503705957,27.0
SemDuplex,3,Layer_2_Attn,Attention_Read,10.863255503705957,10.87158858422679,0.0
SemDuplex,3,Layer_2_Attn,KV_Write_Background,10.863255503705957,10.863265717742994,-27.0
SemDuplex,3,Layer_2_MLP,MLP_Read,10.87158858422679,10.930729140374938,27.0
SemDuplex,3,Layer_3_Attn,Attention_Read,10.930729140374938,10.93906222089577,0.0
SemDuplex,3,Layer_3_Attn,KV_Write_Background,10.930729140374938,10.930739354411974,-27.0
SemDuplex,3,Layer_3_MLP,MLP_Read,10.93906222089577,10.998202777043918,27.0
SemDuplex,3,Layer_4_Attn,Attention_Read,10.998202777043918,11.006535857564751,0.0
SemDuplex,3,Layer_4_Attn,KV_Write_Background,10.998202777043918,10.998212991080955,-27.0
SemDuplex,3,Layer_4_MLP,MLP_Read,11.006535857564751,11.065676413712898,27.0
SemDuplex,3,Layer_5_Attn,Attention_Read,11.065676413712898,11.074009494233731,0.0
SemDuplex,3,Layer_5_Attn,KV_Write_Background,11.065676413712898,11.065686627749935,-27.0
SemDuplex,3,Layer_5_MLP,MLP_Read,11.074009494233731,11.133150050381879,27.0
SemDuplex,3,Layer_6_Attn,Attention_Read,11.133150050381879,11.141483130902712,0.0
SemDuplex,3,Layer_6_Attn,KV_Write_Background,11.133150050381879,11.133160264418915,-27.0
SemDuplex,3,Layer_6_MLP,MLP_Read,11.141483130902712,11.200623687050859,27.0
SemDuplex,3,Layer_7_Attn,Attention_Read,11.200623687050859,11.208956767571692,0.0
SemDuplex,3,Layer_7_Attn,KV_Write_Background,11.200623687050859,11.200633901087896,-27.0
SemDuplex,3,Layer_7_MLP,MLP_Read,11.208956767571692,11.26809732371984,27.0
SemDuplex,3,Layer_8_Attn,Attention_Read,11.26809732371984,11.276430404240672,0.0
SemDuplex,3,Layer_8_Attn,KV_Write_Background,11.26809732371984,11.268107537756876,-27.0
SemDuplex,3,Layer_8_MLP,MLP_Read,11.276430404240672,11.33557096038882,27.0
SemDuplex,3,Layer_9_Attn,Attention_Read,11.33557096038882,11.343904040909653,0.0
SemDuplex,3,Layer_9_Attn,KV_Write_Background,11.33557096038882,11.335581174425856,-27.0
SemDuplex,3,Layer_9_MLP,MLP_Read,11.343904040909653,11.4030445970578,27.0
SemDuplex,3,Layer_10_Attn,Attention_Read,11.4030445970578,11.411377677578633,0.0
SemDuplex,3,Layer_10_Attn,KV_Write_Background,11.4030445970578,11.403054811094837,-27.0
SemDuplex,3,Layer_10_MLP,MLP_Read,11.411377677578633,11.47051823372678,27.0
SemDuplex,3,Layer_11_Attn,Attention_Read,11.47051823372678,11.478851314247613,0.0
SemDuplex,3,Layer_11_Attn,KV_Write_Background,11.47051823372678,11.470528447763817,-27.0
SemDuplex,3,Layer_11_MLP,MLP_Read,11.478851314247613,11.53799187039576,27.0
SemDuplex,3,Layer_12_Attn,Attention_Read,11.53799187039576,11.546324950916594,0.0
SemDuplex,3,Layer_12_Attn,KV_Write_Background,11.53799187039576,11.538002084432797,-27.0
SemDuplex,3,Layer_12_MLP,MLP_Read,11.546324950916594,11.605465507064741,27.0
SemDuplex,3,Layer_13_Attn,Attention_Read,11.605465507064741,11.613798587585574,0.0
SemDuplex,3,Layer_13_Attn,KV_Write_Background,11.605465507064741,11.605475721101778,-27.0
SemDuplex,3,Layer_13_MLP,MLP_Read,11.613798587585574,11.672939143733721,27.0
SemDuplex,3,Layer_14_Attn,Attention_Read,11.672939143733721,11.681272224254554,0.0
SemDuplex,3,Layer_14_Attn,KV_Write_Background,11.672939143733721,11.672949357770758,-27.0
SemDuplex,3,Layer_14_MLP,MLP_Read,11.681272224254554,11.740412780402702,27.0
SemDuplex,3,Layer_15_Attn,Attention_Read,11.740412780402702,11.748745860923535,0.0
SemDuplex,3,Layer_15_Attn,KV_Write_Background,11.740412780402702,11.740422994439738,-27.0
SemDuplex,3,Layer_15_MLP,MLP_Read,11.748745860923535,11.807886417071682,27.0
SemDuplex,3,Layer_16_Attn,Attention_Read,11.807886417071682,11.816219497592515,0.0
SemDuplex,3,Layer_16_Attn,KV_Write_Background,11.807886417071682,11.807896631108719,-27.0
SemDuplex,3,Layer_16_MLP,MLP_Read,11.816219497592515,11.875360053740662,27.0
SemDuplex,3,Layer_17_Attn,Attention_Read,11.875360053740662,11.883693134261495,0.0
SemDuplex,3,Layer_17_Attn,KV_Write_Background,11.875360053740662,11.875370267777699,-27.0
SemDuplex,3,Layer_17_MLP,MLP_Read,11.883693134261495,11.942833690409643,27.0
SemDuplex,3,Layer_18_Attn,Attention_Read,11.942833690409643,11.951166770930476,0.0
SemDuplex,3,Layer_18_Attn,KV_Write_Background,11.942833690409643,11.94284390444668,-27.0
SemDuplex,3,Layer_18_MLP,MLP_Read,11.951166770930476,12.010307327078623,27.0
SemDuplex,3,Layer_19_Attn,Attention_Read,12.010307327078623,12.018640407599456,0.0
SemDuplex,3,Layer_19_Attn,KV_Write_Background,12.010307327078623,12.01031754111566,-27.0
SemDuplex,3,Layer_19_MLP,MLP_Read,12.018640407599456,12.077780963747603,27.0
SemDuplex,3,Layer_20_Attn,Attention_Read,12.077780963747603,12.086114044268436,0.0
SemDuplex,3,Layer_20_Attn,KV_Write_Background,12.077780963747603,12.07779117778464,-27.0
SemDuplex,3,Layer_20_MLP,MLP_Read,12.086114044268436,12.145254600416584,27.0
SemDuplex,3,Layer_21_Attn,Attention_Read,12.145254600416584,12.153587680937417,0.0
SemDuplex,3,Layer_21_Attn,KV_Write_Background,12.145254600416584,12.14526481445362,-27.0
SemDuplex,3,Layer_21_MLP,MLP_Read,12.153587680937417,12.212728237085564,27.0
SemDuplex,3,Layer_22_Attn,Attention_Read,12.212728237085564,12.221061317606397,0.0
SemDuplex,3,Layer_22_Attn,KV_Write_Background,12.212728237085564,12.2127384511226,-27.0
SemDuplex,3,Layer_22_MLP,MLP_Read,12.221061317606397,12.280201873754544,27.0
SemDuplex,3,Layer_23_Attn,Attention_Read,12.280201873754544,12.288534954275377,0.0
SemDuplex,3,Layer_23_Attn,KV_Write_Background,12.280201873754544,12.28021208779158,-27.0
SemDuplex,3,Layer_23_MLP,MLP_Read,12.288534954275377,12.347675510423525,27.0
SemDuplex,3,Layer_24_Attn,Attention_Read,12.347675510423525,12.356008590944358,0.0
SemDuplex,3,Layer_24_Attn,KV_Write_Background,12.347675510423525,12.347685724460561,-27.0
SemDuplex,3,Layer_24_MLP,MLP_Read,12.356008590944358,12.415149147092505,27.0
SemDuplex,3,Layer_25_Attn,Attention_Read,12.415149147092505,12.423482227613338,0.0
SemDuplex,3,Layer_25_Attn,KV_Write_Background,12.415149147092505,12.415159361129541,-27.0
SemDuplex,3,Layer_25_MLP,MLP_Read,12.423482227613338,12.482622783761485,27.0
SemDuplex,3,Layer_26_Attn,Attention_Read,12.482622783761485,12.490955864282318,0.0
SemDuplex,3,Layer_26_Attn,KV_Write_Background,12.482622783761485,12.482632997798522,-27.0
SemDuplex,3,Layer_26_MLP,MLP_Read,12.490955864282318,12.550096420430465,27.0
SemDuplex,3,Layer_27_Attn,Attention_Read,12.550096420430465,12.558429500951299,0.0
SemDuplex,3,Layer_27_Attn,KV_Write_Background,12.550096420430465,12.550106634467502,-27.0
SemDuplex,3,Layer_27_MLP,MLP_Read,12.558429500951299,12.617570057099446,27.0
SemDuplex,3,Layer_28_Attn,Attention_Read,12.617570057099446,12.625903137620279,0.0
SemDuplex,3,Layer_28_Attn,KV_Write_Background,12.617570057099446,12.617580271136482,-27.0
SemDuplex,3,Layer_28_MLP,MLP_Read,12.625903137620279,12.685043693768426,27.0
SemDuplex,3,Layer_29_Attn,Attention_Read,12.685043693768426,12.69337677428926,0.0
SemDuplex,3,Layer_29_Attn,KV_Write_Background,12.685043693768426,12.685053907805463,-27.0
SemDuplex,3,Layer_29_MLP,MLP_Read,12.69337677428926,12.752517330437406,27.0
SemDuplex,3,Layer_30_Attn,Attention_Read,12.752517330437406,12.76085041095824,0.0
SemDuplex,3,Layer_30_Attn,KV_Write_Background,12.752517330437406,12.752527544474443,-27.0
SemDuplex,3,Layer_30_MLP,MLP_Read,12.76085041095824,12.819990967106387,27.0
SemDuplex,3,Layer_31_Attn,Attention_Read,12.819990967106387,12.82832404762722,0.0
SemDuplex,3,Layer_31_Attn,KV_Write_Background,12.819990967106387,12.820001181143423,-27.0
SemDuplex,3,Layer_31_MLP,MLP_Read,12.82832404762722,12.887464603775367,27.0
SemDuplex,3,Layer_32_Attn,Attention_Read,12.887464603775367,12.8957976842962,0.0
SemDuplex,3,Layer_32_Attn,KV_Write_Background,12.887464603775367,12.887474817812404,-27.0
SemDuplex,3,Layer_32_MLP,MLP_Read,12.8957976842962,12.954938240444347,27.0
SemDuplex,3,Layer_33_Attn,Attention_Read,12.954938240444347,12.96327132096518,0.0
SemDuplex,3,Layer_33_Attn,KV_Write_Background,12.954938240444347,12.954948454481384,-27.0
SemDuplex,3,Layer_33_MLP,MLP_Read,12.96327132096518,13.022411877113328,27.0
SemDuplex,3,Layer_34_Attn,Attention_Read,13.022411877113328,13.03074495763416,0.0
SemDuplex,3,Layer_34_Attn,KV_Write_Background,13.022411877113328,13.022422091150364,-27.0
SemDuplex,3,Layer_34_MLP,MLP_Read,13.03074495763416,13.089885513782308,27.0
SemDuplex,3,Layer_35_Attn,Attention_Read,13.089885513782308,13.098218594303141,0.0
SemDuplex,3,Layer_35_Attn,KV_Write_Background,13.089885513782308,13.089895727819345,-27.0
SemDuplex,3,Layer_35_MLP,MLP_Read,13.098218594303141,13.157359150451288,27.0
SemDuplex,3,Layer_36_Attn,Attention_Read,13.157359150451288,13.165692230972121,0.0
SemDuplex,3,Layer_36_Attn,KV_Write_Background,13.157359150451288,13.157369364488325,-27.0
SemDuplex,3,Layer_36_MLP,MLP_Read,13.165692230972121,13.224832787120269,27.0
SemDuplex,3,Layer_37_Attn,Attention_Read,13.224832787120269,13.233165867641102,0.0
SemDuplex,3,Layer_37_Attn,KV_Write_Background,13.224832787120269,13.224843001157305,-27.0
SemDuplex,3,Layer_37_MLP,MLP_Read,13.233165867641102,13.292306423789249,27.0
SemDuplex,3,Layer_38_Attn,Attention_Read,13.292306423789249,13.300639504310082,0.0
SemDuplex,3,Layer_38_Attn,KV_Write_Background,13.292306423789249,13.292316637826286,-27.0
SemDuplex,3,Layer_38_MLP,MLP_Read,13.300639504310082,13.35978006045823,27.0
SemDuplex,3,Layer_39_Attn,Attention_Read,13.35978006045823,13.368113140979062,0.0
SemDuplex,3,Layer_39_Attn,KV_Write_Background,13.35978006045823,13.359790274495266,-27.0
SemDuplex,3,Layer_39_MLP,MLP_Read,13.368113140979062,13.42725369712721,27.0
SemDuplex,3,Layer_40_Attn,Attention_Read,13.42725369712721,13.435586777648043,0.0
SemDuplex,3,Layer_40_Attn,KV_Write_Background,13.42725369712721,13.427263911164246,-27.0
SemDuplex,3,Layer_40_MLP,MLP_Read,13.435586777648043,13.49472733379619,27.0
SemDuplex,3,Layer_41_Attn,Attention_Read,13.49472733379619,13.503060414317023,0.0
SemDuplex,3,Layer_41_Attn,KV_Write_Background,13.49472733379619,13.494737547833227,-27.0
SemDuplex,3,Layer_41_MLP,MLP_Read,13.503060414317023,13.56220097046517,27.0
SemDuplex,3,Layer_42_Attn,Attention_Read,13.56220097046517,13.570534050986003,0.0
SemDuplex,3,Layer_42_Attn,KV_Write_Background,13.56220097046517,13.562211184502207,-27.0
SemDuplex,3,Layer_42_MLP,MLP_Read,13.570534050986003,13.62967460713415,27.0
SemDuplex,3,Layer_43_Attn,Attention_Read,13.62967460713415,13.638007687654984,0.0
SemDuplex,3,Layer_43_Attn,KV_Write_Background,13.62967460713415,13.629684821171187,-27.0
SemDuplex,3,Layer_43_MLP,MLP_Read,13.638007687654984,13.697148243803131,27.0
SemDuplex,3,Layer_44_Attn,Attention_Read,13.697148243803131,13.705481324323964,0.0
SemDuplex,3,Layer_44_Attn,KV_Write_Background,13.697148243803131,13.697158457840168,-27.0
SemDuplex,3,Layer_44_MLP,MLP_Read,13.705481324323964,13.764621880472111,27.0
SemDuplex,3,Layer_45_Attn,Attention_Read,13.764621880472111,13.772954960992944,0.0
SemDuplex,3,Layer_45_Attn,KV_Write_Background,13.764621880472111,13.764632094509148,-27.0
SemDuplex,3,Layer_45_MLP,MLP_Read,13.772954960992944,13.832095517141092,27.0
SemDuplex,3,Layer_46_Attn,Attention_Read,13.832095517141092,13.840428597661925,0.0
SemDuplex,3,Layer_46_Attn,KV_Write_Background,13.832095517141092,13.832105731178128,-27.0
SemDuplex,3,Layer_46_MLP,MLP_Read,13.840428597661925,13.899569153810072,27.0
SemDuplex,3,Layer_47_Attn,Attention_Read,13.899569153810072,13.907902234330905,0.0
SemDuplex,3,Layer_47_Attn,KV_Write_Background,13.899569153810072,13.899579367847108,-27.0
SemDuplex,3,Layer_47_MLP,MLP_Read,13.907902234330905,13.967042790479052,27.0
SemDuplex,3,Layer_48_Attn,Attention_Read,13.967042790479052,13.975375870999885,0.0
SemDuplex,3,Layer_48_Attn,KV_Write_Background,13.967042790479052,13.967053004516089,-27.0
SemDuplex,3,Layer_48_MLP,MLP_Read,13.975375870999885,14.034516427148032,27.0
SemDuplex,3,Layer_49_Attn,Attention_Read,14.034516427148032,14.042849507668866,0.0
SemDuplex,3,Layer_49_Attn,KV_Write_Background,14.034516427148032,14.034526641185069,-27.0
SemDuplex,3,Layer_49_MLP,MLP_Read,14.042849507668866,14.101990063817013,27.0
SemDuplex,3,Layer_50_Attn,Attention_Read,14.101990063817013,14.110323144337846,0.0
SemDuplex,3,Layer_50_Attn,KV_Write_Background,14.101990063817013,14.10200027785405,-27.0
SemDuplex,3,Layer_50_MLP,MLP_Read,14.110323144337846,14.169463700485993,27.0
SemDuplex,3,Layer_51_Attn,Attention_Read,14.169463700485993,14.177796781006826,0.0
SemDuplex,3,Layer_51_Attn,KV_Write_Background,14.169463700485993,14.16947391452303,-27.0
SemDuplex,3,Layer_51_MLP,MLP_Read,14.177796781006826,14.236937337154973,27.0
SemDuplex,3,Layer_52_Attn,Attention_Read,14.236937337154973,14.245270417675806,0.0
SemDuplex,3,Layer_52_Attn,KV_Write_Background,14.236937337154973,14.23694755119201,-27.0
SemDuplex,3,Layer_52_MLP,MLP_Read,14.245270417675806,14.304410973823954,27.0
SemDuplex,3,Layer_53_Attn,Attention_Read,14.304410973823954,14.312744054344787,0.0
SemDuplex,3,Layer_53_Attn,KV_Write_Background,14.304410973823954,14.30442118786099,-27.0
SemDuplex,3,Layer_53_MLP,MLP_Read,14.312744054344787,14.371884610492934,27.0
SemDuplex,3,Layer_54_Attn,Attention_Read,14.371884610492934,14.380217691013767,0.0
SemDuplex,3,Layer_54_Attn,KV_Write_Background,14.371884610492934,14.37189482452997,-27.0
SemDuplex,3,Layer_54_MLP,MLP_Read,14.380217691013767,14.439358247161914,27.0
SemDuplex,3,Layer_55_Attn,Attention_Read,14.439358247161914,14.447691327682747,0.0
SemDuplex,3,Layer_55_Attn,KV_Write_Background,14.439358247161914,14.439368461198951,-27.0
SemDuplex,3,Layer_55_MLP,MLP_Read,14.447691327682747,14.506831883830895,27.0
SemDuplex,3,Layer_56_Attn,Attention_Read,14.506831883830895,14.515164964351728,0.0
SemDuplex,3,Layer_56_Attn,KV_Write_Background,14.506831883830895,14.506842097867931,-27.0
SemDuplex,3,Layer_56_MLP,MLP_Read,14.515164964351728,14.574305520499875,27.0
SemDuplex,3,Layer_57_Attn,Attention_Read,14.574305520499875,14.582638601020708,0.0
SemDuplex,3,Layer_57_Attn,KV_Write_Background,14.574305520499875,14.574315734536912,-27.0
SemDuplex,3,Layer_57_MLP,MLP_Read,14.582638601020708,14.641779157168855,27.0
SemDuplex,3,Layer_58_Attn,Attention_Read,14.641779157168855,14.650112237689688,0.0
SemDuplex,3,Layer_58_Attn,KV_Write_Background,14.641779157168855,14.641789371205892,-27.0
SemDuplex,3,Layer_58_MLP,MLP_Read,14.650112237689688,14.709252793837836,27.0
SemDuplex,3,Layer_59_Attn,Attention_Read,14.709252793837836,14.717585874358669,0.0
SemDuplex,3,Layer_59_Attn,KV_Write_Background,14.709252793837836,14.709263007874872,-27.0
SemDuplex,3,Layer_59_MLP,MLP_Read,14.717585874358669,14.776726430506816,27.0
SemDuplex,3,Layer_60_Attn,Attention_Read,14.776726430506816,14.785059511027649,0.0
SemDuplex,3,Layer_60_Attn,KV_Write_Background,14.776726430506816,14.776736644543853,-27.0
SemDuplex,3,Layer_60_MLP,MLP_Read,14.785059511027649,14.844200067175796,27.0
SemDuplex,3,Layer_61_Attn,Attention_Read,14.844200067175796,14.85253314769663,0.0
SemDuplex,3,Layer_61_Attn,KV_Write_Background,14.844200067175796,14.844210281212833,-27.0
SemDuplex,3,Layer_61_MLP,MLP_Read,14.85253314769663,14.911673703844777,27.0
SemDuplex,3,Layer_62_Attn,Attention_Read,14.911673703844777,14.92000678436561,0.0
SemDuplex,3,Layer_62_Attn,KV_Write_Background,14.911673703844777,14.911683917881813,-27.0
SemDuplex,3,Layer_62_MLP,MLP_Read,14.92000678436561,14.979147340513757,27.0
SemDuplex,3,Layer_63_Attn,Attention_Read,14.979147340513757,14.98748042103459,0.0
SemDuplex,3,Layer_63_Attn,KV_Write_Background,14.979147340513757,14.979157554550794,-27.0
SemDuplex,3,Layer_63_MLP,MLP_Read,14.98748042103459,15.046620977182737,27.0
SemDuplex,3,Layer_64_Attn,Attention_Read,15.046620977182737,15.05495405770357,0.0
SemDuplex,3,Layer_64_Attn,KV_Write_Background,15.046620977182737,15.046631191219774,-27.0
SemDuplex,3,Layer_64_MLP,MLP_Read,15.05495405770357,15.114094613851718,27.0
SemDuplex,3,Layer_65_Attn,Attention_Read,15.114094613851718,15.12242769437255,0.0
SemDuplex,3,Layer_65_Attn,KV_Write_Background,15.114094613851718,15.114104827888754,-27.0
SemDuplex,3,Layer_65_MLP,MLP_Read,15.12242769437255,15.181568250520698,27.0
SemDuplex,3,Layer_66_Attn,Attention_Read,15.181568250520698,15.189901331041531,0.0
SemDuplex,3,Layer_66_Attn,KV_Write_Background,15.181568250520698,15.181578464557735,-27.0
SemDuplex,3,Layer_66_MLP,MLP_Read,15.189901331041531,15.249041887189678,27.0
SemDuplex,3,Layer_67_Attn,Attention_Read,15.249041887189678,15.257374967710511,0.0
SemDuplex,3,Layer_67_Attn,KV_Write_Background,15.249041887189678,15.249052101226715,-27.0
SemDuplex,3,Layer_67_MLP,MLP_Read,15.257374967710511,15.316515523858659,27.0
SemDuplex,3,Layer_68_Attn,Attention_Read,15.316515523858659,15.324848604379492,0.0
SemDuplex,3,Layer_68_Attn,KV_Write_Background,15.316515523858659,15.316525737895695,-27.0
SemDuplex,3,Layer_68_MLP,MLP_Read,15.324848604379492,15.383989160527639,27.0
SemDuplex,3,Layer_69_Attn,Attention_Read,15.383989160527639,15.392322241048472,0.0
SemDuplex,3,Layer_69_Attn,KV_Write_Background,15.383989160527639,15.383999374564675,-27.0
SemDuplex,3,Layer_69_MLP,MLP_Read,15.392322241048472,15.45146279719662,27.0
SemDuplex,3,Layer_70_Attn,Attention_Read,15.45146279719662,15.459795877717452,0.0
SemDuplex,3,Layer_70_Attn,KV_Write_Background,15.45146279719662,15.451473011233656,-27.0
SemDuplex,3,Layer_70_MLP,MLP_Read,15.459795877717452,15.5189364338656,27.0
SemDuplex,3,Layer_71_Attn,Attention_Read,15.5189364338656,15.527269514386433,0.0
SemDuplex,3,Layer_71_Attn,KV_Write_Background,15.5189364338656,15.518946647902636,-27.0
SemDuplex,3,Layer_71_MLP,MLP_Read,15.527269514386433,15.58641007053458,27.0
SemDuplex,3,Layer_72_Attn,Attention_Read,15.58641007053458,15.594743151055413,0.0
SemDuplex,3,Layer_72_Attn,KV_Write_Background,15.58641007053458,15.586420284571616,-27.0
SemDuplex,3,Layer_72_MLP,MLP_Read,15.594743151055413,15.65388370720356,27.0
SemDuplex,3,Layer_73_Attn,Attention_Read,15.65388370720356,15.662216787724393,0.0
SemDuplex,3,Layer_73_Attn,KV_Write_Background,15.65388370720356,15.653893921240597,-27.0
SemDuplex,3,Layer_73_MLP,MLP_Read,15.662216787724393,15.72135734387254,27.0
SemDuplex,3,Layer_74_Attn,Attention_Read,15.72135734387254,15.729690424393374,0.0
SemDuplex,3,Layer_74_Attn,KV_Write_Background,15.72135734387254,15.721367557909577,-27.0
SemDuplex,3,Layer_74_MLP,MLP_Read,15.729690424393374,15.78883098054152,27.0
SemDuplex,3,Layer_75_Attn,Attention_Read,15.78883098054152,15.797164061062354,0.0
SemDuplex,3,Layer_75_Attn,KV_Write_Background,15.78883098054152,15.788841194578557,-27.0
SemDuplex,3,Layer_75_MLP,MLP_Read,15.797164061062354,15.856304617210501,27.0
SemDuplex,3,Layer_76_Attn,Attention_Read,15.856304617210501,15.864637697731334,0.0
SemDuplex,3,Layer_76_Attn,KV_Write_Background,15.856304617210501,15.856314831247538,-27.0
SemDuplex,3,Layer_76_MLP,MLP_Read,15.864637697731334,15.923778253879481,27.0
SemDuplex,3,Layer_77_Attn,Attention_Read,15.923778253879481,15.932111334400314,0.0
SemDuplex,3,Layer_77_Attn,KV_Write_Background,15.923778253879481,15.923788467916518,-27.0
SemDuplex,3,Layer_77_MLP,MLP_Read,15.932111334400314,15.991251890548462,27.0
SemDuplex,3,Layer_78_Attn,Attention_Read,15.991251890548462,15.999584971069295,0.0
SemDuplex,3,Layer_78_Attn,KV_Write_Background,15.991251890548462,15.991262104585498,-27.0
SemDuplex,3,Layer_78_MLP,MLP_Read,15.999584971069295,16.058725527217444,27.0
SemDuplex,3,Layer_79_Attn,Attention_Read,16.058725527217444,16.06705860773828,0.0
SemDuplex,3,Layer_79_Attn,KV_Write_Background,16.058725527217444,16.05873574125448,-27.0
SemDuplex,3,Layer_79_MLP,MLP_Read,16.06705860773828,16.126199163886426,27.0
SemDuplex,3,Layer_80_Attn,Attention_Read,16.126199163886426,16.13453224440726,0.0
SemDuplex,3,Layer_80_Attn,KV_Write_Background,16.126199163886426,16.126209377923463,-27.0
SemDuplex,3,Layer_80_MLP,MLP_Read,16.13453224440726,16.193672800555408,27.0
